player_name,matches,innings,total_runs,balls_faced,batting_average,strike_rate,fours,sixes,highest_score,centuries,fifties,balls_bowled,runs_conceded,wickets,bowling_average,economy_rate,bowling_strike_rate,four_wicket_hauls,five_wicket_hauls
A Ashish Reddy,23.0,2.0,280.0,196.0,18.666666666666668,142.85714285714286,16.0,15.0,36.0,0.0,0.0,270.0,386.0,19.0,20.31578947368421,8.577777777777778,14.210526315789474,0.0,0.0
A Badoni,35.0,2.0,634.0,505.0,24.384615384615383,125.54455445544555,46.0,24.0,59.0,0.0,4.0,25.0,36.0,2.0,18.0,8.639999999999999,12.5,0.0,0.0
A Chandila,2.0,1.0,4.0,7.0,0.0,57.14285714285714,0.0,0.0,4.0,0.0,0.0,234.0,242.0,11.0,22.0,6.205128205128205,21.272727272727273,1.0,0.0
A Chopra,6.0,2.0,53.0,75.0,8.833333333333334,70.66666666666667,7.0,0.0,24.0,0.0,0.0,0.0,0.0,0.0,0.0,0.0,0.0,0.0,0.0
A Choudhary,3.0,2.0,25.0,20.0,25.0,125.0,1.0,1.0,15.0,0.0,0.0,108.0,137.0,5.0,27.4,7.611111111111111,21.6,0.0,0.0
A Dananjaya,1.0,1.0,4.0,5.0,0.0,80.0,0.0,0.0,4.0,0.0,0.0,25.0,46.0,0.0,0.0,11.04,0.0,0.0,0.0
A Flintoff,3.0,2.0,62.0,57.0,31.0,108.77192982456141,5.0,2.0,24.0,0.0,0.0,66.0,105.0,2.0,52.5,9.545454545454545,33.0,0.0,0.0
A Kamboj,1.0,1.0,2.0,2.0,0.0,100.0,0.0,0.0,2.0,0.0,0.0,68.0,106.0,2.0,53.0,9.352941176470587,34.0,0.0,0.0
A Kumble,15.0,2.0,35.0,49.0,11.666666666666666,71.42857142857143,3.0,0.0,8.0,0.0,0.0,983.0,1027.0,49.0,20.959183673469386,6.268565615462869,20.06122448979592,2.0,2.0
A Manohar,15.0,2.0,231.0,181.0,16.5,127.62430939226519,21.0,10.0,43.0,0.0,0.0,0.0,0.0,0.0,0.0,0.0,0.0,0.0,0.0
A Mishra,55.0,2.0,381.0,440.0,11.90625,86.5909090909091,31.0,5.0,31.0,0.0,0.0,3444.0,4065.0,183.0,22.21311475409836,7.081881533101045,18.81967213114754,5.0,1.0
A Mithun,6.0,2.0,34.0,26.0,6.8,130.76923076923077,4.0,1.0,11.0,0.0,0.0,312.0,448.0,8.0,56.0,8.615384615384615,39.0,0.0,0.0
A Mukund,2.0,2.0,19.0,23.0,9.5,82.6086956521739,1.0,0.0,19.0,0.0,0.0,0.0,0.0,0.0,0.0,0.0,0.0,0.0,0.0
A Nehra,17.0,2.0,41.0,63.0,5.857142857142857,65.07936507936508,3.0,1.0,22.0,0.0,0.0,1974.0,2422.0,121.0,20.016528925619834,7.361702127659575,16.31404958677686,2.0,1.0
A Nortje,13.0,2.0,49.0,51.0,8.166666666666666,96.07843137254902,6.0,0.0,23.0,0.0,0.0,1097.0,1523.0,62.0,24.56451612903226,8.329990884229717,17.693548387096776,1.0,0.0
A Raghuvanshi,7.0,2.0,163.0,109.0,23.285714285714285,149.54128440366972,16.0,8.0,54.0,0.0,1.0,0.0,0.0,0.0,0.0,0.0,0.0,0.0,0.0
A Singh,5.0,2.0,2.0,10.0,0.5,20.0,0.0,0.0,1.0,0.0,0.0,486.0,603.0,31.0,19.451612903225808,7.444444444444445,15.67741935483871,1.0,0.0
A Symonds,36.0,2.0,974.0,781.0,36.074074074074076,124.71190781049937,74.0,41.0,117.0,1.0,5.0,540.0,656.0,23.0,28.52173913043478,7.288888888888889,23.47826086956522,0.0,0.0
A Tomar,1.0,1.0,4.0,8.0,4.0,50.0,1.0,0.0,4.0,0.0,0.0,0.0,0.0,0.0,0.0,0.0,0.0,0.0,0.0
A Uniyal,2.0,2.0,4.0,7.0,4.0,57.14285714285714,0.0,0.0,4.0,0.0,0.0,38.0,64.0,3.0,21.333333333333332,10.105263157894738,12.666666666666666,0.0,0.0
A Zampa,5.0,2.0,15.0,25.0,3.0,60.0,1.0,0.0,7.0,0.0,0.0,425.0,547.0,30.0,18.233333333333334,7.722352941176471,14.166666666666666,0.0,1.0
AA Bilakhia,7.0,2.0,69.0,88.0,13.8,78.4090909090909,5.0,0.0,22.0,0.0,0.0,0.0,0.0,0.0,0.0,0.0,0.0,0.0,0.0
AA Chavan,3.0,2.0,12.0,11.0,6.0,109.09090909090908,2.0,0.0,7.0,0.0,0.0,255.0,318.0,8.0,39.75,7.482352941176471,31.875,0.0,0.0
AA Jhunjhunwala,15.0,2.0,217.0,218.0,16.692307692307693,99.54128440366972,19.0,5.0,53.0,0.0,1.0,88.0,126.0,1.0,126.0,8.590909090909092,88.0,0.0,0.0
AA Kulkarni,2.0,1.0,9.0,8.0,4.5,112.5,2.0,0.0,9.0,0.0,0.0,0.0,0.0,0.0,0.0,0.0,0.0,0.0,0.0
AA Noffke,1.0,1.0,9.0,12.0,9.0,75.0,1.0,0.0,9.0,0.0,0.0,25.0,35.0,1.0,35.0,8.399999999999999,25.0,0.0,0.0
AB Agarkar,18.0,2.0,179.0,160.0,17.9,111.87499999999999,13.0,5.0,39.0,0.0,0.0,820.0,1112.0,33.0,33.696969696969695,8.136585365853659,24.848484848484848,0.0,0.0
AB Barath,3.0,1.0,42.0,43.0,21.0,97.67441860465115,5.0,1.0,33.0,0.0,0.0,0.0,0.0,0.0,0.0,0.0,0.0,0.0,0.0
AB Dinda,16.0,2.0,26.0,50.0,2.6,52.0,2.0,0.0,7.0,0.0,0.0,1589.0,1987.0,82.0,24.23170731707317,7.5028319697923225,19.378048780487806,2.0,0.0
AB McDonald,9.0,2.0,123.0,103.0,24.6,119.41747572815532,9.0,4.0,33.0,0.0,0.0,188.0,259.0,14.0,18.5,8.26595744680851,13.428571428571429,1.0,0.0
AB de Villiers,170.0,4.0,5181.0,3487.0,39.853846153846156,148.58044164037855,414.0,253.0,133.0,3.0,41.0,0.0,0.0,0.0,0.0,0.0,0.0,0.0,0.0
AC Blizzard,7.0,2.0,120.0,91.0,17.142857142857142,131.86813186813185,21.0,2.0,51.0,0.0,1.0,0.0,0.0,0.0,0.0,0.0,0.0,0.0,0.0
AC Gilchrist,80.0,2.0,2069.0,1555.0,27.223684210526315,133.05466237942122,239.0,92.0,109.0,2.0,11.0,1.0,0.0,1.0,0.0,0.0,1.0,0.0,0.0
AC Thomas,4.0,2.0,20.0,19.0,10.0,105.26315789473684,1.0,1.0,12.0,0.0,0.0,327.0,394.0,16.0,24.625,7.229357798165138,20.4375,0.0,0.0
AC Voges,7.0,2.0,181.0,143.0,45.25,126.57342657342659,15.0,3.0,45.0,0.0,0.0,56.0,74.0,1.0,74.0,7.928571428571428,56.0,0.0,0.0
AD Hales,6.0,2.0,148.0,119.0,24.666666666666668,124.36974789915966,13.0,6.0,45.0,0.0,0.0,0.0,0.0,0.0,0.0,0.0,0.0,0.0,0.0
AD Mascarenhas,11.0,2.0,79.0,79.0,8.777777777777779,100.0,5.0,1.0,27.0,0.0,0.0,310.0,353.0,19.0,18.57894736842105,6.83225806451613,16.31578947368421,0.0,1.0
AD Mathews,41.0,2.0,724.0,599.0,23.35483870967742,120.86811352253757,44.0,29.0,65.0,0.0,1.0,807.0,1054.0,28.0,37.642857142857146,7.836431226765799,28.821428571428573,1.0,0.0
AD Nath,10.0,2.0,90.0,99.0,9.0,90.9090909090909,7.0,2.0,24.0,0.0,0.0,0.0,0.0,0.0,0.0,0.0,0.0,0.0,0.0
AD Russell,104.0,3.0,2488.0,1515.0,28.930232558139537,164.22442244224422,171.0,209.0,88.0,0.0,11.0,1771.0,2561.0,125.0,20.488,8.676453980801806,14.168,3.0,2.0
AF Milne,6.0,2.0,23.0,31.0,5.75,74.19354838709677,0.0,1.0,15.0,0.0,0.0,217.0,313.0,9.0,34.77777777777778,8.654377880184333,24.11111111111111,0.0,0.0
AG Murtaza,3.0,2.0,10.0,14.0,10.0,71.42857142857143,1.0,0.0,5.0,0.0,0.0,269.0,304.0,12.0,25.333333333333332,6.780669144981412,22.416666666666668,0.0,0.0
AG Paunikar,5.0,2.0,49.0,61.0,9.8,80.32786885245902,9.0,0.0,20.0,0.0,0.0,0.0,0.0,0.0,0.0,0.0,0.0,0.0,0.0
AJ Finch,90.0,3.0,2092.0,1696.0,24.904761904761905,123.34905660377358,214.0,78.0,88.0,0.0,15.0,44.0,66.0,1.0,66.0,9.0,44.0,0.0,0.0
AJ Hosein,1.0,1.0,16.0,11.0,0.0,145.45454545454547,1.0,1.0,16.0,0.0,0.0,24.0,40.0,1.0,40.0,10.0,24.0,0.0,0.0
AJ Turner,6.0,2.0,24.0,31.0,4.8,77.41935483870968,0.0,2.0,16.0,0.0,0.0,0.0,0.0,0.0,0.0,0.0,0.0,0.0,0.0
AJ Tye,13.0,2.0,91.0,79.0,10.11111111111111,115.18987341772151,6.0,5.0,25.0,0.0,0.0,714.0,949.0,48.0,19.770833333333332,7.974789915966387,14.875,2.0,2.0
AK Markram,42.0,2.0,995.0,787.0,30.151515151515152,126.4294790343075,73.0,35.0,68.0,0.0,5.0,123.0,170.0,2.0,85.0,8.292682926829269,61.5,0.0,0.0
AL Menaria,23.0,2.0,401.0,367.0,19.095238095238095,109.26430517711172,24.0,18.0,40.0,0.0,0.0,113.0,140.0,3.0,46.666666666666664,7.433628318584072,37.666666666666664,0.0,0.0
AM Nayar,50.0,2.0,672.0,588.0,17.68421052631579,114.28571428571428,55.0,20.0,45.0,0.0,0.0,239.0,311.0,9.0,34.55555555555556,7.8075313807531375,26.555555555555557,0.0,0.0
AM Rahane,171.0,2.0,4642.0,3858.0,30.142857142857142,120.32141005702437,479.0,103.0,105.0,2.0,30.0,6.0,5.0,1.0,5.0,5.0,6.0,0.0,0.0
AN Ahmed,6.0,2.0,36.0,27.0,36.0,133.33333333333331,4.0,1.0,18.0,0.0,0.0,362.0,467.0,15.0,31.133333333333333,7.740331491712707,24.133333333333333,0.0,0.0
AN Ghosh,2.0,2.0,7.0,8.0,3.5,87.5,1.0,0.0,7.0,0.0,0.0,0.0,0.0,0.0,0.0,0.0,0.0,0.0,0.0
AP Dole,2.0,2.0,34.0,23.0,17.0,147.82608695652172,3.0,1.0,30.0,0.0,0.0,73.0,105.0,5.0,21.0,8.63013698630137,14.6,0.0,0.0
AP Majumdar,4.0,2.0,87.0,77.0,21.75,112.98701298701299,7.0,2.0,31.0,0.0,0.0,0.0,0.0,0.0,0.0,0.0,0.0,0.0,0.0
AP Tare,27.0,2.0,339.0,285.0,14.125,118.94736842105263,40.0,11.0,59.0,0.0,1.0,0.0,0.0,0.0,0.0,0.0,0.0,0.0,0.0
AR Bawne,1.0,1.0,12.0,12.0,0.0,100.0,1.0,0.0,12.0,0.0,0.0,0.0,0.0,0.0,0.0,0.0,0.0,0.0,0.0
AR Patel,112.0,2.0,1653.0,1318.0,21.467532467532468,125.41729893778452,107.0,79.0,66.0,0.0,3.0,3152.0,3707.0,131.0,28.297709923664122,7.056472081218273,24.061068702290076,1.0,0.0
AS Joseph,5.0,2.0,27.0,32.0,27.0,84.375,3.0,0.0,15.0,0.0,0.0,454.0,669.0,22.0,30.40909090909091,8.841409691629956,20.636363636363637,0.0,1.0
AS Rajpoot,7.0,2.0,26.0,41.0,5.2,63.41463414634146,2.0,1.0,8.0,0.0,0.0,567.0,772.0,24.0,32.166666666666664,8.16931216931217,23.625,0.0,1.0
AS Raut,16.0,2.0,194.0,172.0,21.555555555555557,112.79069767441861,13.0,7.0,36.0,0.0,0.0,30.0,44.0,0.0,0.0,8.8,0.0,0.0,0.0
AS Roy,6.0,2.0,26.0,24.0,8.666666666666666,108.33333333333333,3.0,0.0,13.0,0.0,0.0,142.0,185.0,6.0,30.833333333333332,7.816901408450704,23.666666666666668,0.0,0.0
AS Yadav,6.0,2.0,49.0,40.0,9.8,122.50000000000001,5.0,2.0,16.0,0.0,0.0,0.0,0.0,0.0,0.0,0.0,0.0,0.0,0.0
AT Carey,3.0,2.0,32.0,29.0,16.0,110.34482758620689,0.0,1.0,14.0,0.0,0.0,0.0,0.0,0.0,0.0,0.0,0.0,0.0,0.0
AT Rayudu,185.0,2.0,4348.0,3490.0,28.051612903225806,124.58452722063038,359.0,173.0,100.0,1.0,22.0,0.0,0.0,0.0,0.0,0.0,0.0,0.0,0.0
AU Rashid,2.0,2.0,22.0,17.0,11.0,129.41176470588235,2.0,1.0,18.0,0.0,0.0,60.0,91.0,2.0,45.5,9.1,30.0,0.0,0.0
AUK Pathan,7.0,2.0,39.0,26.0,7.8,150.0,5.0,2.0,14.0,0.0,0.0,41.0,57.0,0.0,0.0,8.341463414634147,0.0,0.0,0.0
Abdul Basith,1.0,1.0,1.0,1.0,0.0,100.0,0.0,0.0,1.0,0.0,0.0,0.0,0.0,0.0,0.0,0.0,0.0,0.0,0.0
Abdul Samad,39.0,3.0,579.0,408.0,18.677419354838708,141.91176470588235,37.0,36.0,37.0,0.0,0.0,55.0,108.0,2.0,54.0,11.781818181818183,27.5,0.0,0.0
Abdur Razzak,1.0,1.0,0.0,2.0,0.0,0.0,0.0,0.0,0.0,0.0,0.0,14.0,23.0,0.0,0.0,9.857142857142856,0.0,0.0,0.0
Abhishek Sharma,61.0,2.0,1377.0,925.0,25.5,148.86486486486484,128.0,73.0,75.0,0.0,7.0,278.0,380.0,11.0,34.54545454545455,8.201438848920862,25.272727272727273,0.0,0.0
Abishek Porel,16.0,2.0,360.0,244.0,25.714285714285715,147.54098360655738,37.0,15.0,65.0,0.0,2.0,0.0,0.0,0.0,0.0,0.0,0.0,0.0,0.0
Akash Deep,3.0,2.0,19.0,12.0,9.5,158.33333333333331,2.0,1.0,17.0,0.0,0.0,175.0,308.0,8.0,38.5,10.559999999999999,21.875,0.0,0.0
Akash Madhwal,1.0,1.0,4.0,5.0,0.0,80.0,0.0,0.0,4.0,0.0,0.0,279.0,407.0,22.0,18.5,8.75268817204301,12.681818181818182,1.0,1.0
Aman Hakim Khan,10.0,2.0,115.0,109.0,12.777777777777779,105.50458715596329,8.0,6.0,51.0,0.0,1.0,6.0,13.0,0.0,0.0,13.0,0.0,0.0,0.0
Anirudh Singh,4.0,2.0,63.0,69.0,15.75,91.30434782608695,6.0,1.0,40.0,0.0,0.0,0.0,0.0,0.0,0.0,0.0,0.0,0.0,0.0
Ankit Sharma,10.0,2.0,87.0,69.0,12.428571428571429,126.08695652173914,7.0,4.0,30.0,0.0,0.0,375.0,436.0,12.0,36.333333333333336,6.976,31.25,0.0,0.0
Ankit Soni,3.0,1.0,7.0,9.0,3.5,77.77777777777779,0.0,1.0,7.0,0.0,0.0,112.0,141.0,4.0,35.25,7.553571428571428,28.0,0.0,0.0
Anmolpreet Singh,9.0,2.0,139.0,117.0,15.444444444444445,118.80341880341881,19.0,3.0,36.0,0.0,0.0,0.0,0.0,0.0,0.0,0.0,0.0,0.0,0.0
Anuj Rawat,21.0,2.0,318.0,276.0,19.875,115.21739130434783,26.0,14.0,66.0,0.0,1.0,0.0,0.0,0.0,0.0,0.0,0.0,0.0,0.0
Anureet Singh,8.0,2.0,36.0,47.0,9.0,76.59574468085107,2.0,1.0,15.0,0.0,0.0,430.0,601.0,21.0,28.61904761904762,8.386046511627907,20.476190476190474,0.0,0.0
Arjun Tendulkar,1.0,1.0,13.0,9.0,13.0,144.44444444444443,0.0,1.0,13.0,0.0,0.0,83.0,104.0,4.0,26.0,7.518072289156626,20.75,0.0,0.0
Arshad Khan,6.0,2.0,96.0,67.0,32.0,143.28358208955223,5.0,6.0,58.0,0.0,1.0,153.0,258.0,6.0,43.0,10.117647058823529,25.5,0.0,0.0
Arshad Khan (2),1.0,1.0,5.0,4.0,5.0,125.0,1.0,0.0,5.0,0.0,0.0,13.0,22.0,0.0,0.0,10.153846153846155,0.0,0.0,0.0
Arshdeep Singh,11.0,2.0,29.0,42.0,5.8,69.04761904761905,4.0,0.0,10.0,0.0,0.0,1453.0,1958.0,84.0,23.30952380952381,8.085340674466622,17.297619047619047,3.0,1.0
Ashutosh Sharma,9.0,2.0,189.0,118.0,27.0,160.16949152542372,10.0,15.0,61.0,0.0,1.0,0.0,0.0,0.0,0.0,0.0,0.0,0.0,0.0
Atharva Taide,9.0,2.0,247.0,177.0,27.444444444444443,139.54802259887003,27.0,8.0,66.0,0.0,2.0,1.0,4.0,0.0,0.0,24.0,0.0,0.0,0.0
Avesh Khan,9.0,2.0,41.0,25.0,20.5,164.0,3.0,3.0,12.0,0.0,0.0,1390.0,1909.0,81.0,23.567901234567902,8.240287769784173,17.160493827160494,2.0,0.0
Azhar Mahmood,21.0,2.0,388.0,311.0,20.42105263157895,124.7588424437299,39.0,13.0,80.0,0.0,2.0,552.0,681.0,31.0,21.967741935483872,7.4021739130434785,17.806451612903224,0.0,0.0
Azmatullah Omarzai,4.0,2.0,42.0,34.0,10.5,123.52941176470588,2.0,2.0,17.0,0.0,0.0,131.0,181.0,4.0,45.25,8.290076335877863,32.75,0.0,0.0
B Akhil,11.0,2.0,76.0,57.0,12.666666666666666,133.33333333333331,5.0,5.0,27.0,0.0,0.0,193.0,235.0,7.0,33.57142857142857,7.305699481865285,27.571428571428573,0.0,0.0
B Chipli,21.0,2.0,280.0,256.0,18.666666666666668,109.375,28.0,7.0,61.0,0.0,1.0,6.0,20.0,0.0,0.0,20.0,0.0,0.0,0.0
B Indrajith,3.0,2.0,21.0,31.0,7.0,67.74193548387096,2.0,0.0,15.0,0.0,0.0,0.0,0.0,0.0,0.0,0.0,0.0,0.0,0.0
B Kumar,65.0,2.0,306.0,338.0,8.742857142857142,90.53254437869822,30.0,3.0,27.0,0.0,0.0,4060.0,4744.0,195.0,24.328205128205127,7.010837438423645,20.82051282051282,3.0,2.0
B Laughlin,4.0,2.0,5.0,13.0,2.5,38.46153846153847,0.0,0.0,4.0,0.0,0.0,179.0,271.0,10.0,27.1,9.083798882681565,17.9,0.0,0.0
B Lee,19.0,2.0,124.0,102.0,12.4,121.56862745098039,8.0,8.0,25.0,0.0,0.0,916.0,1042.0,30.0,34.733333333333334,6.825327510917031,30.533333333333335,0.0,0.0
B Sai Sudharsan,25.0,2.0,1034.0,770.0,47.0,134.28571428571428,95.0,32.0,103.0,1.0,6.0,0.0,0.0,0.0,0.0,0.0,0.0,0.0,0.0
B Stanlake,1.0,1.0,5.0,2.0,0.0,250.0,1.0,0.0,5.0,0.0,0.0,150.0,194.0,7.0,27.714285714285715,7.76,21.428571428571427,0.0,0.0
B Sumanth,4.0,2.0,35.0,38.0,35.0,92.10526315789474,3.0,0.0,16.0,0.0,0.0,0.0,0.0,0.0,0.0,0.0,0.0,0.0,0.0
BA Bhatt,2.0,2.0,6.0,7.0,6.0,85.71428571428571,0.0,1.0,6.0,0.0,0.0,303.0,389.0,13.0,29.923076923076923,7.702970297029703,23.307692307692307,1.0,0.0
BA Stokes,43.0,2.0,935.0,718.0,24.605263157894736,130.22284122562675,81.0,32.0,107.0,2.0,2.0,723.0,956.0,31.0,30.838709677419356,7.933609958506224,23.322580645161292,0.0,0.0
BAW Mendis,3.0,2.0,3.0,6.0,1.5,50.0,0.0,0.0,2.0,0.0,0.0,248.0,295.0,9.0,32.77777777777778,7.137096774193548,27.555555555555557,0.0,0.0
BB McCullum,109.0,4.0,2882.0,2272.0,27.71153846153846,126.84859154929578,293.0,130.0,158.0,2.0,13.0,0.0,0.0,0.0,0.0,0.0,0.0,0.0,0.0
BB Samantray,8.0,2.0,125.0,116.0,25.0,107.75862068965519,13.0,2.0,55.0,0.0,1.0,0.0,0.0,0.0,0.0,0.0,0.0,0.0,0.0
BB Sran,7.0,2.0,10.0,14.0,10.0,71.42857142857143,0.0,0.0,3.0,0.0,0.0,516.0,718.0,20.0,35.9,8.348837209302326,25.8,0.0,0.0
BCJ Cutting,17.0,2.0,238.0,146.0,21.636363636363637,163.013698630137,15.0,19.0,39.0,0.0,0.0,288.0,422.0,12.0,35.166666666666664,8.791666666666666,24.0,0.0,0.0
BE Hendricks,2.0,1.0,1.0,3.0,1.0,33.33333333333333,0.0,0.0,1.0,0.0,0.0,157.0,224.0,11.0,20.363636363636363,8.560509554140127,14.272727272727273,0.0,0.0
BJ Haddin,1.0,1.0,18.0,11.0,18.0,163.63636363636365,2.0,1.0,18.0,0.0,0.0,0.0,0.0,0.0,0.0,0.0,0.0,0.0,0.0
BJ Hodge,63.0,2.0,1400.0,1153.0,33.333333333333336,121.42237640936686,122.0,43.0,73.0,0.0,6.0,238.0,294.0,18.0,16.333333333333332,7.411764705882353,13.222222222222221,0.0,1.0
BJ Rohrer,8.0,3.0,193.0,146.0,27.571428571428573,132.1917808219178,21.0,5.0,64.0,0.0,1.0,7.0,11.0,0.0,0.0,9.428571428571429,0.0,0.0,0.0
BMAJ Mendis,3.0,2.0,23.0,27.0,7.666666666666667,85.18518518518519,0.0,0.0,12.0,0.0,0.0,30.0,36.0,1.0,36.0,7.2,30.0,0.0,0.0
BR Dunk,3.0,2.0,40.0,36.0,13.333333333333334,111.11111111111111,7.0,0.0,20.0,0.0,0.0,0.0,0.0,0.0,0.0,0.0,0.0,0.0,0.0
BR Sharath,1.0,1.0,2.0,5.0,2.0,40.0,0.0,0.0,2.0,0.0,0.0,0.0,0.0,0.0,0.0,0.0,0.0,0.0,0.0
Basil Thampi,7.0,2.0,32.0,37.0,32.0,86.48648648648648,1.0,1.0,13.0,0.0,0.0,539.0,828.0,26.0,31.846153846153847,9.217068645640074,20.73076923076923,1.0,0.0
Bipul Sharma,17.0,2.0,187.0,124.0,23.375,150.80645161290323,11.0,9.0,35.0,0.0,0.0,436.0,557.0,22.0,25.318181818181817,7.6651376146788985,19.818181818181817,0.0,0.0
C Green,28.0,2.0,707.0,472.0,41.588235294117645,149.78813559322032,62.0,32.0,100.0,1.0,2.0,462.0,634.0,20.0,31.7,8.233766233766234,23.1,0.0,0.0
C Madan,1.0,1.0,15.0,21.0,15.0,71.42857142857143,3.0,0.0,15.0,0.0,0.0,0.0,0.0,0.0,0.0,0.0,0.0,0.0,0.0
C Munro,11.0,2.0,177.0,144.0,14.75,122.91666666666667,19.0,8.0,40.0,0.0,0.0,12.0,15.0,0.0,0.0,7.5,0.0,0.0,0.0
C Nanda,1.0,1.0,0.0,1.0,0.0,0.0,0.0,0.0,0.0,0.0,0.0,50.0,55.0,2.0,27.5,6.6,25.0,0.0,0.0
C Sakariya,7.0,2.0,20.0,31.0,3.3333333333333335,64.51612903225806,3.0,0.0,7.0,0.0,0.0,460.0,563.0,20.0,28.15,7.343478260869564,23.0,0.0,0.0
C de Grandhomme,21.0,2.0,303.0,229.0,18.9375,132.31441048034935,18.0,18.0,40.0,0.0,0.0,230.0,301.0,7.0,43.0,7.852173913043478,32.857142857142854,0.0,0.0
CA Ingram,15.0,2.0,205.0,183.0,17.083333333333332,112.02185792349727,22.0,5.0,47.0,0.0,0.0,0.0,0.0,0.0,0.0,0.0,0.0,0.0,0.0
CA Lynn,42.0,2.0,1329.0,974.0,34.07692307692308,136.4476386036961,132.0,66.0,93.0,0.0,10.0,0.0,0.0,0.0,0.0,0.0,0.0,0.0,0.0
CA Pujara,22.0,2.0,390.0,403.0,20.526315789473685,96.7741935483871,50.0,4.0,51.0,0.0,1.0,0.0,0.0,0.0,0.0,0.0,0.0,0.0,0.0
CH Gayle,141.0,5.0,4997.0,3516.0,39.65873015873016,142.1217292377702,408.0,359.0,175.0,6.0,32.0,584.0,680.0,19.0,35.78947368421053,6.986301369863014,30.736842105263158,0.0,0.0
CH Morris,49.0,2.0,618.0,413.0,22.071428571428573,149.636803874092,41.0,35.0,82.0,0.0,2.0,1801.0,2220.0,107.0,20.747663551401867,7.395891171571349,16.83177570093458,3.0,1.0
CJ Anderson,29.0,2.0,538.0,436.0,24.454545454545453,123.39449541284404,40.0,31.0,95.0,0.0,3.0,315.0,497.0,14.0,35.5,9.466666666666667,22.5,0.0,0.0
CJ Ferguson,8.0,2.0,98.0,119.0,16.333333333333332,82.35294117647058,9.0,0.0,23.0,0.0,0.0,0.0,0.0,0.0,0.0,0.0,0.0,0.0,0.0
CJ Jordan,12.0,2.0,81.0,81.0,8.1,100.0,3.0,3.0,30.0,0.0,0.0,717.0,1033.0,36.0,28.694444444444443,8.644351464435147,19.916666666666668,1.0,0.0
CJ McKay,1.0,1.0,8.0,15.0,8.0,53.333333333333336,0.0,0.0,8.0,0.0,0.0,42.0,60.0,1.0,60.0,8.571428571428571,42.0,0.0,0.0
CK Kapugedera,3.0,2.0,16.0,24.0,5.333333333333333,66.66666666666666,0.0,0.0,8.0,0.0,0.0,17.0,49.0,0.0,0.0,17.294117647058822,0.0,0.0,0.0
CK Langeveldt,2.0,1.0,8.0,9.0,4.0,88.88888888888889,0.0,1.0,8.0,0.0,0.0,165.0,178.0,13.0,13.692307692307692,6.472727272727273,12.692307692307692,0.0,0.0
CL White,45.0,3.0,971.0,774.0,26.97222222222222,125.45219638242895,76.0,38.0,78.0,0.0,6.0,46.0,81.0,1.0,81.0,10.565217391304348,46.0,0.0,0.0
CM Gautam,13.0,2.0,169.0,158.0,16.9,106.9620253164557,17.0,6.0,33.0,0.0,0.0,0.0,0.0,0.0,0.0,0.0,0.0,0.0,0.0
CR Brathwaite,14.0,2.0,181.0,120.0,13.923076923076923,150.83333333333334,10.0,16.0,43.0,0.0,0.0,266.0,363.0,16.0,22.6875,8.18796992481203,16.625,0.0,0.0
CR Woakes,12.0,2.0,78.0,77.0,13.0,101.29870129870129,7.0,2.0,18.0,0.0,0.0,463.0,635.0,31.0,20.483870967741936,8.228941684665227,14.935483870967742,0.0,0.0
CRD Fernando,2.0,1.0,4.0,3.0,0.0,133.33333333333331,0.0,0.0,2.0,0.0,0.0,249.0,279.0,19.0,14.68421052631579,6.72289156626506,13.105263157894736,0.0,1.0
CV Varun,10.0,2.0,25.0,49.0,6.25,51.02040816326531,2.0,0.0,10.0,0.0,0.0,1624.0,1961.0,85.0,23.070588235294117,7.245073891625616,19.105882352941176,2.0,1.0
D Brevis,10.0,2.0,230.0,176.0,23.0,130.6818181818182,17.0,16.0,49.0,0.0,0.0,3.0,8.0,1.0,8.0,16.0,3.0,0.0,0.0
D Ferreira,2.0,2.0,8.0,11.0,4.0,72.72727272727273,0.0,0.0,7.0,0.0,0.0,0.0,0.0,0.0,0.0,0.0,0.0,0.0,0.0
D Kalyankrishna,1.0,1.0,3.0,8.0,3.0,37.5,0.0,0.0,3.0,0.0,0.0,50.0,85.0,2.0,42.5,10.2,25.0,0.0,0.0
D Padikkal,64.0,2.0,1559.0,1323.0,25.14516129032258,117.83824640967498,170.0,42.0,101.0,1.0,9.0,0.0,0.0,0.0,0.0,0.0,0.0,0.0,0.0
D Pretorius,5.0,2.0,44.0,28.0,11.0,157.14285714285714,3.0,3.0,22.0,0.0,0.0,166.0,222.0,7.0,31.714285714285715,8.024096385542169,23.714285714285715,0.0,0.0
D Salunkhe,3.0,2.0,33.0,24.0,16.5,137.5,5.0,0.0,26.0,0.0,0.0,51.0,70.0,1.0,70.0,8.235294117647058,51.0,0.0,0.0
D Wiese,11.0,2.0,148.0,105.0,29.6,140.95238095238096,12.0,7.0,47.0,0.0,0.0,307.0,428.0,17.0,25.176470588235293,8.364820846905538,18.058823529411764,1.0,0.0
D du Preez,1.0,1.0,10.0,13.0,10.0,76.92307692307693,0.0,0.0,10.0,0.0,0.0,43.0,55.0,4.0,13.75,7.674418604651162,10.75,0.0,0.0
DA Miller,123.0,3.0,2924.0,2171.0,35.65853658536585,134.68447719944726,207.0,134.0,101.0,1.0,13.0,0.0,0.0,0.0,0.0,0.0,0.0,0.0,0.0
DA Warner,184.0,4.0,6567.0,4849.0,40.042682926829265,135.4299855640338,663.0,236.0,126.0,4.0,62.0,2.0,1.0,0.0,0.0,3.0,0.0,0.0,0.0
DAJ Bracewell,1.0,1.0,12.0,9.0,0.0,133.33333333333331,1.0,0.0,12.0,0.0,0.0,25.0,31.0,3.0,10.333333333333334,7.4399999999999995,8.333333333333334,0.0,0.0
DB Das,22.0,2.0,304.0,267.0,21.714285714285715,113.85767790262172,23.0,16.0,35.0,0.0,0.0,0.0,0.0,0.0,0.0,0.0,0.0,0.0,0.0
DB Ravi Teja,25.0,2.0,375.0,325.0,19.736842105263158,115.38461538461537,35.0,9.0,60.0,0.0,1.0,18.0,28.0,1.0,28.0,9.333333333333334,18.0,0.0,0.0
DE Bollinger,4.0,2.0,21.0,23.0,21.0,91.30434782608695,1.0,1.0,16.0,0.0,0.0,600.0,663.0,43.0,15.418604651162791,6.63,13.953488372093023,2.0,0.0
DG Nalkande,2.0,1.0,12.0,12.0,6.0,100.0,0.0,1.0,12.0,0.0,0.0,89.0,143.0,6.0,23.833333333333332,9.640449438202246,14.833333333333334,0.0,0.0
DH Yagnik,17.0,2.0,170.0,142.0,17.0,119.71830985915493,23.0,2.0,34.0,0.0,0.0,0.0,0.0,0.0,0.0,0.0,0.0,0.0,0.0
DJ Bravo,110.0,2.0,1560.0,1247.0,22.608695652173914,125.10024057738573,120.0,66.0,70.0,0.0,5.0,3296.0,4178.0,207.0,20.183574879227052,7.605582524271844,15.922705314009661,4.0,0.0
DJ Harris,4.0,2.0,111.0,103.0,27.75,107.76699029126213,11.0,5.0,47.0,0.0,0.0,18.0,26.0,0.0,0.0,8.666666666666666,0.0,0.0,0.0
DJ Hooda,96.0,3.0,1466.0,1170.0,18.325,125.2991452991453,96.0,61.0,64.0,0.0,8.0,384.0,518.0,10.0,51.8,8.09375,38.4,0.0,0.0
DJ Hussey,61.0,2.0,1322.0,1101.0,26.979591836734695,120.07266121707538,90.0,60.0,71.0,0.0,5.0,323.0,467.0,10.0,46.7,8.674922600619194,32.3,0.0,0.0
DJ Jacobs,7.0,2.0,92.0,101.0,13.142857142857142,91.0891089108911,10.0,4.0,32.0,0.0,0.0,0.0,0.0,0.0,0.0,0.0,0.0,0.0,0.0
DJ Malan,1.0,1.0,26.0,26.0,26.0,100.0,1.0,1.0,26.0,0.0,0.0,0.0,0.0,0.0,0.0,0.0,0.0,0.0,0.0
DJ Mitchell,15.0,2.0,351.0,274.0,27.0,128.1021897810219,28.0,10.0,63.0,0.0,2.0,51.0,94.0,1.0,94.0,11.058823529411764,51.0,0.0,0.0
DJ Muthuswami,1.0,1.0,1.0,3.0,1.0,33.33333333333333,0.0,0.0,1.0,0.0,0.0,84.0,101.0,4.0,25.25,7.214285714285714,21.0,0.0,0.0
DJ Thornely,4.0,2.0,39.0,54.0,13.0,72.22222222222221,2.0,2.0,30.0,0.0,0.0,44.0,38.0,3.0,12.666666666666666,5.181818181818182,14.666666666666666,0.0,0.0
DJ Willey,5.0,2.0,53.0,64.0,26.5,82.8125,7.0,0.0,20.0,0.0,0.0,221.0,267.0,7.0,38.142857142857146,7.248868778280542,31.571428571428573,0.0,0.0
DJG Sammy,20.0,2.0,295.0,251.0,19.666666666666668,117.52988047808766,15.0,18.0,60.0,0.0,1.0,244.0,341.0,14.0,24.357142857142858,8.385245901639344,17.428571428571427,0.0,1.0
DJM Short,7.0,2.0,115.0,102.0,16.428571428571427,112.74509803921569,11.0,5.0,44.0,0.0,0.0,18.0,19.0,1.0,19.0,6.333333333333333,18.0,0.0,0.0
DL Chahar,12.0,2.0,80.0,61.0,11.428571428571429,131.14754098360655,2.0,6.0,39.0,0.0,0.0,1746.0,2144.0,79.0,27.139240506329113,7.367697594501718,22.10126582278481,1.0,1.0
DL Vettori,16.0,2.0,121.0,118.0,15.125,102.54237288135593,11.0,2.0,29.0,0.0,0.0,785.0,871.0,34.0,25.61764705882353,6.657324840764331,23.08823529411765,0.0,1.0
DM Bravo,1.0,1.0,6.0,5.0,0.0,120.0,1.0,0.0,6.0,0.0,0.0,0.0,0.0,0.0,0.0,0.0,0.0,0.0,0.0
DNT Zoysa,2.0,2.0,11.0,9.0,11.0,122.22222222222223,1.0,0.0,10.0,0.0,0.0,69.0,96.0,2.0,48.0,8.347826086956522,34.5,0.0,0.0
DP Conway,22.0,2.0,924.0,669.0,48.63157894736842,138.11659192825113,100.0,30.0,92.0,0.0,9.0,0.0,0.0,0.0,0.0,0.0,0.0,0.0,0.0
DP Nannes,2.0,1.0,4.0,13.0,4.0,30.76923076923077,0.0,0.0,3.0,0.0,0.0,689.0,734.0,38.0,19.31578947368421,6.3918722786647315,18.13157894736842,1.0,0.0
DP Vijaykumar,1.0,1.0,1.0,1.0,0.0,100.0,0.0,0.0,1.0,0.0,0.0,159.0,192.0,4.0,48.0,7.245283018867925,39.75,0.0,0.0
DPMD Jayawardene,78.0,3.0,1808.0,1522.0,28.25,118.7910643889619,200.0,40.0,110.0,1.0,10.0,0.0,0.0,0.0,0.0,0.0,0.0,0.0,0.0
DR Martyn,1.0,1.0,19.0,26.0,19.0,73.07692307692307,1.0,0.0,19.0,0.0,0.0,0.0,0.0,0.0,0.0,0.0,0.0,0.0,0.0
DR Sams,13.0,2.0,44.0,48.0,4.888888888888889,91.66666666666666,1.0,3.0,15.0,0.0,0.0,389.0,489.0,15.0,32.6,7.5424164524421595,25.933333333333334,1.0,0.0
DR Shorey,2.0,1.0,13.0,20.0,6.5,65.0,0.0,1.0,8.0,0.0,0.0,0.0,0.0,0.0,0.0,0.0,0.0,0.0,0.0
DR Smith,88.0,2.0,2385.0,1803.0,28.392857142857142,132.27953410981698,245.0,117.0,87.0,0.0,17.0,557.0,787.0,27.0,29.14814814814815,8.477558348294435,20.62962962962963,1.0,0.0
DS Kulkarni,20.0,2.0,104.0,113.0,11.555555555555555,92.03539823008849,7.0,2.0,28.0,0.0,0.0,1876.0,2364.0,91.0,25.978021978021978,7.560767590618337,20.615384615384617,1.0,0.0
DS Lehmann,2.0,2.0,18.0,19.0,9.0,94.73684210526315,3.0,0.0,17.0,0.0,0.0,0.0,0.0,0.0,0.0,0.0,0.0,0.0,0.0
DT Christian,41.0,2.0,460.0,408.0,14.838709677419354,112.74509803921569,23.0,19.0,39.0,0.0,0.0,922.0,1152.0,40.0,28.8,7.496746203904555,23.05,0.0,0.0
DT Patil,2.0,2.0,13.0,13.0,6.5,100.0,1.0,0.0,9.0,0.0,0.0,0.0,0.0,0.0,0.0,0.0,0.0,0.0,0.0
DW Steyn,33.0,2.0,167.0,163.0,7.590909090909091,102.45398773006136,14.0,3.0,19.0,0.0,0.0,2282.0,2406.0,105.0,22.914285714285715,6.326029798422437,21.733333333333334,0.0,0.0
Dhruv Jurel,22.0,2.0,347.0,237.0,23.133333333333333,146.41350210970467,29.0,16.0,56.0,0.0,2.0,0.0,0.0,0.0,0.0,0.0,0.0,0.0,0.0
E Lewis,26.0,2.0,654.0,499.0,27.25,131.06212424849699,62.0,36.0,65.0,0.0,4.0,0.0,0.0,0.0,0.0,0.0,0.0,0.0,0.0
EJG Morgan,74.0,3.0,1406.0,1181.0,22.677419354838708,119.05165114309906,112.0,64.0,68.0,0.0,5.0,0.0,0.0,0.0,0.0,0.0,0.0,0.0,0.0
ER Dwivedi,2.0,1.0,24.0,15.0,12.0,160.0,2.0,2.0,19.0,0.0,0.0,0.0,0.0,0.0,0.0,0.0,0.0,0.0,0.0
F Behardien,3.0,2.0,14.0,13.0,7.0,107.6923076923077,2.0,0.0,9.0,0.0,0.0,0.0,0.0,0.0,0.0,0.0,0.0,0.0,0.0
F du Plessis,138.0,2.0,4571.0,3435.0,35.99212598425197,133.07132459970887,422.0,166.0,96.0,0.0,37.0,6.0,16.0,0.0,0.0,16.0,0.0,0.0,0.0
FA Allen,3.0,2.0,14.0,19.0,7.0,73.68421052631578,1.0,0.0,8.0,0.0,0.0,91.0,135.0,2.0,67.5,8.901098901098901,45.5,0.0,0.0
FH Edwards,2.0,1.0,4.0,5.0,4.0,80.0,0.0,0.0,3.0,0.0,0.0,150.0,144.0,6.0,24.0,5.76,25.0,0.0,0.0
FY Fazal,11.0,2.0,183.0,179.0,18.3,102.23463687150837,22.0,1.0,45.0,0.0,0.0,12.0,20.0,1.0,20.0,10.0,12.0,0.0,0.0
Fazalhaq Farooqi,2.0,1.0,3.0,13.0,0.0,23.076923076923077,0.0,0.0,2.0,0.0,0.0,162.0,217.0,6.0,36.166666666666664,8.037037037037036,27.0,0.0,0.0
G Coetzee,5.0,2.0,14.0,22.0,3.5,63.63636363636363,0.0,1.0,8.0,0.0,0.0,216.0,318.0,13.0,24.46153846153846,8.833333333333334,16.615384615384617,1.0,0.0
G Gambhir,151.0,2.0,4217.0,3524.0,31.00735294117647,119.66515323496027,492.0,59.0,93.0,0.0,36.0,0.0,0.0,0.0,0.0,0.0,0.0,0.0,0.0
GB Hogg,4.0,1.0,22.0,22.0,7.333333333333333,100.0,1.0,0.0,13.0,0.0,0.0,466.0,552.0,25.0,22.08,7.1072961373390555,18.64,1.0,0.0
GC Smith,29.0,2.0,739.0,691.0,28.423076923076923,106.9464544138929,94.0,9.0,91.0,0.0,4.0,0.0,0.0,0.0,0.0,0.0,0.0,0.0,0.0
GC Viljoen,3.0,2.0,3.0,7.0,1.5,42.857142857142854,0.0,0.0,2.0,0.0,0.0,146.0,210.0,8.0,26.25,8.63013698630137,18.25,0.0,0.0
GD McGrath,2.0,1.0,4.0,5.0,4.0,80.0,1.0,0.0,4.0,0.0,0.0,329.0,352.0,14.0,25.142857142857142,6.419452887537994,23.5,1.0,0.0
GD Phillips,8.0,2.0,65.0,55.0,9.285714285714286,118.18181818181819,3.0,6.0,25.0,0.0,0.0,31.0,39.0,2.0,19.5,7.548387096774193,15.5,0.0,0.0
GH Vihari,23.0,2.0,284.0,331.0,14.2,85.80060422960725,23.0,1.0,46.0,0.0,0.0,43.0,46.0,1.0,46.0,6.4186046511627906,43.0,0.0,0.0
GHS Garton,2.0,2.0,2.0,4.0,2.0,50.0,0.0,0.0,2.0,0.0,0.0,97.0,128.0,3.0,42.666666666666664,7.917525773195876,32.333333333333336,0.0,0.0
GJ Bailey,36.0,2.0,663.0,552.0,24.555555555555557,120.1086956521739,59.0,19.0,61.0,0.0,2.0,0.0,0.0,0.0,0.0,0.0,0.0,0.0,0.0
GJ Maxwell,128.0,3.0,2772.0,1842.0,24.75,150.4885993485342,233.0,160.0,95.0,0.0,18.0,965.0,1275.0,41.0,31.097560975609756,7.927461139896373,23.536585365853657,0.0,0.0
GR Napier,1.0,1.0,15.0,16.0,15.0,93.75,1.0,0.0,15.0,0.0,0.0,24.0,27.0,1.0,27.0,6.75,24.0,0.0,0.0
Gulbadin Naib,1.0,1.0,19.0,15.0,19.0,126.66666666666666,1.0,1.0,19.0,0.0,0.0,6.0,12.0,0.0,0.0,12.0,0.0,0.0,0.0
Gurkeerat Singh,32.0,2.0,511.0,436.0,21.291666666666668,117.20183486238531,55.0,11.0,65.0,0.0,2.0,82.0,93.0,5.0,18.6,6.8048780487804885,16.4,0.0,0.0
H Das,1.0,1.0,2.0,5.0,2.0,40.0,0.0,0.0,2.0,0.0,0.0,0.0,0.0,0.0,0.0,0.0,0.0,0.0,0.0
H Klaasen,32.0,2.0,993.0,613.0,38.19230769230769,161.99021207177816,56.0,64.0,104.0,1.0,6.0,0.0,0.0,0.0,0.0,0.0,0.0,0.0,0.0
HC Brook,11.0,2.0,190.0,159.0,21.11111111111111,119.49685534591194,23.0,4.0,100.0,1.0,0.0,0.0,0.0,0.0,0.0,0.0,0.0,0.0,0.0
HE van der Dussen,3.0,2.0,22.0,25.0,11.0,88.0,2.0,0.0,12.0,0.0,0.0,0.0,0.0,0.0,0.0,0.0,0.0,0.0,0.0
HF Gurney,1.0,1.0,1.0,5.0,0.0,20.0,0.0,0.0,1.0,0.0,0.0,169.0,231.0,7.0,33.0,8.201183431952662,24.142857142857142,0.0,0.0
HH Gibbs,36.0,2.0,886.0,837.0,27.6875,105.8542413381123,83.0,31.0,69.0,0.0,6.0,0.0,0.0,0.0,0.0,0.0,0.0,0.0,0.0
HH Pandya,128.0,5.0,2534.0,1814.0,28.471910112359552,139.69128996692393,189.0,137.0,91.0,0.0,10.0,1485.0,2083.0,70.0,29.757142857142856,8.416161616161617,21.214285714285715,0.0,0.0
HM Amla,16.0,2.0,577.0,418.0,44.38461538461539,138.03827751196172,60.0,21.0,104.0,2.0,3.0,0.0,0.0,0.0,0.0,0.0,0.0,0.0,0.0
HR Shokeen,5.0,2.0,66.0,67.0,22.0,98.50746268656717,9.0,0.0,25.0,0.0,0.0,213.0,301.0,5.0,60.2,8.47887323943662,42.6,0.0,0.0
HV Patel,37.0,2.0,249.0,214.0,9.222222222222221,116.35514018691589,16.0,15.0,36.0,0.0,0.0,2284.0,3003.0,151.0,19.887417218543046,7.888791593695271,15.125827814569536,3.0,2.0
Harbhajan Singh,88.0,2.0,833.0,636.0,15.145454545454545,130.9748427672956,79.0,42.0,64.0,0.0,1.0,3496.0,3928.0,161.0,24.39751552795031,6.74141876430206,21.714285714285715,3.0,1.0
Harmeet Singh,4.0,2.0,18.0,12.0,4.5,150.0,3.0,0.0,14.0,0.0,0.0,574.0,698.0,31.0,22.516129032258064,7.29616724738676,18.516129032258064,0.0,0.0
Harpreet Brar,24.0,2.0,233.0,201.0,21.181818181818183,115.92039800995025,19.0,9.0,29.0,0.0,0.0,692.0,875.0,25.0,35.0,7.586705202312139,27.68,1.0,0.0
Harpreet Singh,8.0,2.0,123.0,119.0,17.571428571428573,103.36134453781514,10.0,3.0,41.0,0.0,0.0,0.0,0.0,0.0,0.0,0.0,0.0,0.0,0.0
Harshit Rana,3.0,2.0,2.0,3.0,1.0,66.66666666666666,0.0,0.0,2.0,0.0,0.0,403.0,563.0,27.0,20.85185185185185,8.38213399503722,14.925925925925926,0.0,0.0
I Malhotra,1.0,1.0,7.0,4.0,0.0,175.0,1.0,0.0,7.0,0.0,0.0,6.0,23.0,0.0,0.0,23.0,0.0,0.0,0.0
I Sharma,21.0,2.0,57.0,71.0,9.5,80.28169014084507,4.0,2.0,10.0,0.0,0.0,2429.0,3020.0,96.0,31.458333333333332,7.459860024701523,25.302083333333332,0.0,1.0
I Udana,4.0,2.0,15.0,11.0,5.0,136.36363636363635,1.0,1.0,10.0,0.0,0.0,182.0,274.0,8.0,34.25,9.032967032967033,22.75,0.0,0.0
IC Pandey,1.0,1.0,0.0,2.0,0.0,0.0,0.0,0.0,0.0,0.0,0.0,469.0,584.0,19.0,30.736842105263158,7.471215351812366,24.68421052631579,0.0,0.0
IK Pathan,82.0,3.0,1150.0,985.0,21.69811320754717,116.75126903553299,88.0,38.0,60.0,0.0,1.0,2113.0,2569.0,99.0,25.949494949494948,7.294841457643161,21.343434343434343,0.0,0.0
IR Jaggi,7.0,2.0,76.0,100.0,15.2,76.0,6.0,0.0,28.0,0.0,0.0,0.0,0.0,0.0,0.0,0.0,0.0,0.0,0.0
IS Sodhi,2.0,1.0,7.0,18.0,3.5,38.88888888888889,0.0,0.0,6.0,0.0,0.0,182.0,201.0,9.0,22.333333333333332,6.626373626373627,20.22222222222222,0.0,0.0
Imran Tahir,8.0,2.0,33.0,37.0,8.25,89.1891891891892,5.0,0.0,13.0,0.0,0.0,1340.0,1664.0,86.0,19.348837209302324,7.450746268656716,15.581395348837209,5.0,0.0
Iqbal Abdulla,13.0,2.0,88.0,86.0,44.0,102.32558139534885,9.0,1.0,33.0,0.0,0.0,943.0,1083.0,45.0,24.066666666666666,6.890774125132556,20.955555555555556,0.0,0.0
Ishan Kishan,99.0,2.0,2644.0,1991.0,28.43010752688172,132.79758915118032,255.0,119.0,99.0,0.0,16.0,0.0,0.0,0.0,0.0,0.0,0.0,0.0,0.0
J Arunkumar,3.0,2.0,23.0,24.0,7.666666666666667,95.83333333333334,5.0,0.0,22.0,0.0,0.0,0.0,0.0,0.0,0.0,0.0,0.0,0.0,0.0
J Botha,28.0,2.0,409.0,364.0,20.45,112.36263736263736,39.0,5.0,67.0,0.0,1.0,709.0,781.0,27.0,28.925925925925927,6.609308885754584,26.25925925925926,0.0,0.0
J Fraser-McGurk,9.0,2.0,330.0,150.0,36.666666666666664,220.00000000000003,32.0,28.0,84.0,0.0,4.0,0.0,0.0,0.0,0.0,0.0,0.0,0.0,0.0
J Suchith,9.0,2.0,70.0,62.0,17.5,112.90322580645163,6.0,3.0,34.0,0.0,0.0,434.0,585.0,20.0,29.25,8.087557603686637,21.7,0.0,0.0
J Syed Mohammad,5.0,1.0,29.0,27.0,14.5,107.40740740740742,4.0,0.0,13.0,0.0,0.0,196.0,279.0,10.0,27.9,8.540816326530614,19.6,0.0,0.0
J Theron,4.0,2.0,10.0,13.0,5.0,76.92307692307693,1.0,0.0,7.0,0.0,0.0,235.0,288.0,13.0,22.153846153846153,7.353191489361703,18.076923076923077,0.0,1.0
J Yadav,4.0,1.0,40.0,38.0,10.0,105.26315789473684,2.0,1.0,23.0,0.0,0.0,398.0,437.0,9.0,48.55555555555556,6.5879396984924625,44.22222222222222,0.0,0.0
JA Morkel,67.0,3.0,975.0,712.0,24.375,136.93820224719101,61.0,55.0,73.0,0.0,3.0,1807.0,2256.0,96.0,23.5,7.490868843386829,18.822916666666668,3.0,0.0
JA Richardson,3.0,2.0,17.0,27.0,5.666666666666667,62.96296296296296,2.0,0.0,15.0,0.0,0.0,94.0,152.0,3.0,50.666666666666664,9.702127659574469,31.333333333333332,0.0,0.0
JC Archer,23.0,2.0,199.0,132.0,15.307692307692308,150.75757575757575,11.0,14.0,27.0,0.0,0.0,987.0,1125.0,49.0,22.959183673469386,6.838905775075988,20.142857142857142,0.0,0.0
JC Buttler,106.0,3.0,3583.0,2519.0,37.71578947368421,142.23898372369987,356.0,161.0,124.0,7.0,19.0,0.0,0.0,0.0,0.0,0.0,0.0,0.0,0.0
JD Ryder,29.0,2.0,604.0,466.0,21.571428571428573,129.6137339055794,69.0,19.0,86.0,0.0,4.0,241.0,297.0,11.0,27.0,7.394190871369295,21.90909090909091,0.0,0.0
JD Unadkat,27.0,2.0,197.0,170.0,12.3125,115.88235294117648,16.0,7.0,26.0,0.0,0.0,2194.0,3119.0,109.0,28.61467889908257,8.529626253418414,20.128440366972477,1.0,2.0
JDP Oram,11.0,2.0,106.0,110.0,13.25,96.36363636363636,6.0,5.0,41.0,0.0,0.0,244.0,342.0,13.0,26.307692307692307,8.40983606557377,18.76923076923077,0.0,0.0
JDS Neesham,10.0,2.0,92.0,93.0,10.222222222222221,98.9247311827957,6.0,2.0,22.0,0.0,0.0,222.0,328.0,8.0,41.0,8.864864864864865,27.75,0.0,0.0
JE Root,1.0,1.0,10.0,15.0,10.0,66.66666666666666,1.0,0.0,10.0,0.0,0.0,12.0,14.0,0.0,0.0,7.0,0.0,0.0,0.0
JE Taylor,2.0,2.0,3.0,4.0,3.0,75.0,0.0,0.0,2.0,0.0,0.0,122.0,152.0,6.0,25.333333333333332,7.475409836065574,20.333333333333332,0.0,0.0
JEC Franklin,16.0,2.0,327.0,309.0,29.727272727272727,105.8252427184466,25.0,9.0,79.0,0.0,1.0,155.0,216.0,9.0,24.0,8.361290322580645,17.22222222222222,0.0,0.0
JH Kallis,95.0,2.0,2427.0,2291.0,28.55294117647059,105.93627237014405,255.0,44.0,89.0,0.0,17.0,1799.0,2222.0,74.0,30.027027027027028,7.410783768760423,24.31081081081081,0.0,0.0
JJ Bumrah,26.0,2.0,68.0,80.0,9.714285714285714,85.0,5.0,1.0,16.0,0.0,0.0,3185.0,3613.0,182.0,19.85164835164835,6.806279434850863,17.5,7.0,3.0
JJ Roy,21.0,2.0,614.0,460.0,32.31578947368421,133.47826086956522,75.0,21.0,91.0,0.0,4.0,0.0,0.0,0.0,0.0,0.0,0.0,0.0,0.0
JJ van der Wath,3.0,1.0,18.0,17.0,9.0,105.88235294117648,1.0,1.0,14.0,0.0,0.0,76.0,125.0,3.0,41.666666666666664,9.868421052631579,25.333333333333332,0.0,0.0
JL Denly,1.0,1.0,0.0,1.0,0.0,0.0,0.0,0.0,0.0,0.0,0.0,0.0,0.0,0.0,0.0,0.0,0.0,0.0,0.0
JL Pattinson,2.0,1.0,15.0,13.0,15.0,115.38461538461537,2.0,0.0,11.0,0.0,0.0,222.0,311.0,11.0,28.272727272727273,8.405405405405405,20.181818181818183,0.0,0.0
JM Bairstow,50.0,2.0,1589.0,1132.0,34.54347826086956,140.37102473498234,166.0,69.0,114.0,2.0,9.0,0.0,0.0,0.0,0.0,0.0,0.0,0.0,0.0
JM Kemp,2.0,1.0,26.0,25.0,13.0,104.0,1.0,1.0,22.0,0.0,0.0,47.0,51.0,3.0,17.0,6.51063829787234,15.666666666666666,0.0,0.0
JM Sharma,36.0,2.0,730.0,501.0,22.8125,145.70858283433134,53.0,45.0,49.0,0.0,0.0,0.0,0.0,0.0,0.0,0.0,0.0,0.0,0.0
JO Holder,27.0,2.0,259.0,217.0,12.333333333333334,119.35483870967742,13.0,18.0,47.0,0.0,0.0,1049.0,1403.0,59.0,23.779661016949152,8.024785510009533,17.779661016949152,3.0,0.0
JP Behrendorff,2.0,1.0,6.0,9.0,0.0,66.66666666666666,0.0,0.0,3.0,0.0,0.0,379.0,535.0,22.0,24.318181818181817,8.469656992084433,17.227272727272727,1.0,0.0
JP Duminy,75.0,2.0,2029.0,1680.0,39.78431372549019,120.77380952380952,126.0,79.0,78.0,0.0,14.0,701.0,802.0,23.0,34.869565217391305,6.864479315263909,30.47826086956522,1.0,0.0
JP Faulkner,45.0,3.0,527.0,406.0,20.26923076923077,129.80295566502463,36.0,23.0,46.0,0.0,0.0,1287.0,1744.0,76.0,22.94736842105263,8.13053613053613,16.93421052631579,2.0,3.0
JPR Scantlebury-Searles,2.0,1.0,8.0,6.0,8.0,133.33333333333331,0.0,1.0,6.0,0.0,0.0,45.0,86.0,2.0,43.0,11.466666666666667,22.5,0.0,0.0
JR Hazlewood,6.0,2.0,19.0,29.0,0.0,65.51724137931035,1.0,0.0,7.0,0.0,0.0,622.0,791.0,36.0,21.97222222222222,7.630225080385852,17.27777777777778,1.0,0.0
JR Hopes,19.0,2.0,417.0,314.0,26.0625,132.80254777070064,49.0,11.0,71.0,0.0,4.0,369.0,539.0,14.0,38.5,8.764227642276422,26.357142857142858,0.0,0.0
JR Philippe,5.0,2.0,78.0,80.0,19.5,97.5,9.0,1.0,33.0,0.0,0.0,0.0,0.0,0.0,0.0,0.0,0.0,0.0,0.0
Jaskaran Singh,4.0,2.0,8.0,11.0,8.0,72.72727272727273,0.0,0.0,4.0,0.0,0.0,111.0,162.0,6.0,27.0,8.756756756756756,18.5,0.0,0.0
Joginder Sharma,5.0,2.0,36.0,30.0,9.0,120.0,1.0,2.0,16.0,0.0,0.0,272.0,402.0,13.0,30.923076923076923,8.867647058823529,20.923076923076923,0.0,0.0
K Goel,16.0,2.0,218.0,239.0,14.533333333333333,91.21338912133892,17.0,9.0,38.0,0.0,0.0,67.0,92.0,0.0,0.0,8.238805970149254,0.0,0.0,0.0
K Gowtham,27.0,2.0,247.0,159.0,13.722222222222221,155.34591194968556,15.0,17.0,33.0,0.0,0.0,599.0,797.0,22.0,36.22727272727273,7.98330550918197,27.227272727272727,0.0,0.0
K Kartikeya,2.0,1.0,9.0,13.0,4.5,69.23076923076923,1.0,0.0,6.0,0.0,0.0,241.0,321.0,10.0,32.1,7.991701244813278,24.1,0.0,0.0
K Rabada,28.0,2.0,206.0,207.0,12.117647058823529,99.51690821256038,16.0,8.0,44.0,0.0,0.0,1907.0,2486.0,126.0,19.73015873015873,7.821709491347667,15.134920634920634,7.0,0.0
K Upadhyay,2.0,1.0,12.0,9.0,0.0,133.33333333333331,0.0,1.0,11.0,0.0,0.0,56.0,79.0,0.0,0.0,8.464285714285714,0.0,0.0,0.0
K Yadav,1.0,1.0,0.0,4.0,0.0,0.0,0.0,0.0,0.0,0.0,0.0,54.0,84.0,2.0,42.0,9.333333333333334,27.0,0.0,0.0
KA Jamieson,7.0,2.0,65.0,55.0,16.25,118.18181818181819,5.0,3.0,16.0,0.0,0.0,179.0,258.0,9.0,28.666666666666668,8.64804469273743,19.88888888888889,0.0,0.0
KA Maharaj,1.0,1.0,1.0,2.0,1.0,50.0,0.0,0.0,1.0,0.0,0.0,36.0,39.0,2.0,19.5,6.5,18.0,0.0,0.0
KA Pollard,168.0,5.0,3437.0,2447.0,28.40495867768595,140.45770331017573,221.0,224.0,87.0,0.0,16.0,1586.0,2077.0,81.0,25.641975308641975,7.85750315258512,19.580246913580247,2.0,0.0
KAJ Roach,1.0,1.0,10.0,9.0,10.0,111.11111111111111,1.0,0.0,10.0,0.0,0.0,52.0,76.0,0.0,0.0,8.76923076923077,0.0,0.0,0.0
KB Arun Karthik,8.0,2.0,51.0,53.0,10.2,96.22641509433963,4.0,1.0,19.0,0.0,0.0,0.0,0.0,0.0,0.0,0.0,0.0,0.0,0.0
KC Cariappa,5.0,2.0,24.0,21.0,8.0,114.28571428571428,0.0,2.0,12.0,0.0,0.0,224.0,340.0,8.0,42.5,9.107142857142856,28.0,0.0,0.0
KC Sangakkara,68.0,2.0,1687.0,1424.0,25.953846153846154,118.4691011235955,195.0,27.0,94.0,0.0,10.0,0.0,0.0,0.0,0.0,0.0,0.0,0.0,0.0
KD Karthik,233.0,3.0,4843.0,3687.0,26.320652173913043,131.35340385136968,466.0,161.0,97.0,0.0,22.0,0.0,0.0,0.0,0.0,0.0,0.0,0.0,0.0
KH Pandya,107.0,2.0,1647.0,1287.0,21.96,127.97202797202797,144.0,61.0,86.0,0.0,1.0,2183.0,2523.0,80.0,31.5375,6.934493815849748,27.2875,1.0,0.0
KJ Abbott,3.0,2.0,13.0,8.0,13.0,162.5,0.0,1.0,12.0,0.0,0.0,102.0,170.0,2.0,85.0,10.0,51.0,0.0,0.0
KK Ahmed,5.0,1.0,1.0,7.0,0.2,14.285714285714285,0.0,0.0,1.0,0.0,0.0,1345.0,1808.0,78.0,23.17948717948718,8.06542750929368,17.243589743589745,0.0,0.0
KK Cooper,12.0,2.0,116.0,70.0,12.88888888888889,165.71428571428572,9.0,8.0,32.0,0.0,0.0,600.0,725.0,36.0,20.13888888888889,7.25,16.666666666666668,1.0,0.0
KK Nair,68.0,2.0,1496.0,1192.0,23.746031746031747,125.503355704698,161.0,39.0,83.0,0.0,10.0,0.0,0.0,0.0,0.0,0.0,0.0,0.0,0.0
KL Nagarkoti,7.0,2.0,22.0,34.0,5.5,64.70588235294117,1.0,0.0,8.0,0.0,0.0,185.0,280.0,5.0,56.0,9.08108108108108,37.0,0.0,0.0
KL Rahul,122.0,3.0,4689.0,3578.0,44.65714285714286,131.05086640581328,400.0,187.0,132.0,4.0,37.0,0.0,0.0,0.0,0.0,0.0,0.0,0.0,0.0
KM Asif,1.0,1.0,0.0,2.0,0.0,0.0,0.0,0.0,0.0,0.0,0.0,143.0,219.0,7.0,31.285714285714285,9.18881118881119,20.428571428571427,0.0,0.0
KM Jadhav,81.0,2.0,1208.0,1012.0,22.37037037037037,119.36758893280633,102.0,40.0,69.0,0.0,4.0,0.0,0.0,0.0,0.0,0.0,0.0,0.0,0.0
KMA Paul,5.0,2.0,18.0,26.0,3.6,69.23076923076923,1.0,1.0,7.0,0.0,0.0,180.0,216.0,10.0,21.6,7.2,18.0,1.0,0.0
KMDN Kulasekara,1.0,1.0,5.0,3.0,0.0,166.66666666666669,1.0,0.0,5.0,0.0,0.0,107.0,115.0,6.0,19.166666666666668,6.4485981308411215,17.833333333333332,0.0,0.0
KP Appanna,3.0,2.0,2.0,4.0,2.0,50.0,0.0,0.0,1.0,0.0,0.0,222.0,278.0,11.0,25.272727272727273,7.513513513513513,20.181818181818183,1.0,0.0
KP Pietersen,36.0,2.0,1001.0,758.0,35.75,132.05804749340368,91.0,40.0,103.0,1.0,4.0,180.0,205.0,9.0,22.77777777777778,6.833333333333333,20.0,0.0,0.0
KR Mayers,13.0,2.0,379.0,276.0,29.153846153846153,137.31884057971016,38.0,22.0,73.0,0.0,4.0,46.0,55.0,0.0,0.0,7.173913043478261,0.0,0.0,0.0
KR Sen,1.0,1.0,0.0,3.0,0.0,0.0,0.0,0.0,0.0,0.0,0.0,255.0,372.0,14.0,26.571428571428573,8.75294117647059,18.214285714285715,1.0,0.0
KS Bharat,8.0,2.0,199.0,168.0,28.428571428571427,118.45238095238095,12.0,8.0,78.0,0.0,1.0,0.0,0.0,0.0,0.0,0.0,0.0,0.0,0.0
KS Sharma,3.0,2.0,16.0,25.0,5.333333333333333,64.0,1.0,0.0,9.0,0.0,0.0,0.0,0.0,0.0,0.0,0.0,0.0,0.0,0.0
KS Williamson,76.0,3.0,2132.0,1734.0,35.53333333333333,122.95271049596307,187.0,64.0,89.0,0.0,18.0,18.0,31.0,0.0,0.0,10.333333333333334,0.0,0.0,0.0
KV Sharma,39.0,2.0,351.0,306.0,13.5,114.70588235294117,20.0,17.0,39.0,0.0,0.0,1520.0,2062.0,82.0,25.146341463414632,8.139473684210525,18.536585365853657,1.0,1.0
KW Richardson,4.0,2.0,36.0,39.0,12.0,92.3076923076923,2.0,1.0,26.0,0.0,0.0,345.0,458.0,21.0,21.80952380952381,7.965217391304348,16.428571428571427,1.0,0.0
Kamran Akmal,6.0,2.0,128.0,78.0,25.6,164.1025641025641,13.0,8.0,53.0,0.0,1.0,0.0,0.0,0.0,0.0,0.0,0.0,0.0,0.0
Kamran Khan,1.0,1.0,3.0,5.0,3.0,60.0,0.0,0.0,3.0,0.0,0.0,177.0,228.0,14.0,16.285714285714285,7.728813559322034,12.642857142857142,1.0,1.0
Karanveer Singh,4.0,1.0,12.0,17.0,12.0,70.58823529411765,1.0,0.0,5.0,0.0,0.0,213.0,312.0,14.0,22.285714285714285,8.788732394366198,15.214285714285714,1.0,0.0
Kartik Tyagi,6.0,2.0,13.0,16.0,3.25,81.25,1.0,0.0,7.0,0.0,0.0,458.0,675.0,16.0,42.1875,8.842794759825328,28.625,0.0,0.0
Kuldeep Yadav,32.0,2.0,183.0,224.0,15.25,81.69642857142857,16.0,3.0,35.0,0.0,0.0,1786.0,2339.0,90.0,25.988888888888887,7.857782754759238,19.844444444444445,4.0,0.0
Kumar Kushagra,3.0,2.0,3.0,7.0,1.0,42.857142857142854,0.0,0.0,2.0,0.0,0.0,0.0,0.0,0.0,0.0,0.0,0.0,0.0,0.0
L Ablish,1.0,1.0,0.0,2.0,0.0,0.0,0.0,0.0,0.0,0.0,0.0,45.0,72.0,5.0,14.4,9.6,9.0,0.0,0.0
L Balaji,13.0,2.0,36.0,50.0,4.5,72.0,2.0,1.0,15.0,0.0,0.0,1574.0,1952.0,85.0,22.96470588235294,7.4409148665819576,18.51764705882353,3.0,1.0
L Ronchi,5.0,2.0,34.0,37.0,6.8,91.8918918918919,6.0,1.0,13.0,0.0,0.0,0.0,0.0,0.0,0.0,0.0,0.0,0.0,0.0
L Wood,1.0,1.0,9.0,3.0,0.0,300.0,0.0,1.0,9.0,0.0,0.0,38.0,91.0,1.0,91.0,14.368421052631579,38.0,0.0,0.0
LA Carseldine,5.0,2.0,81.0,71.0,20.25,114.08450704225352,11.0,0.0,39.0,0.0,0.0,7.0,5.0,1.0,5.0,4.285714285714286,7.0,0.0,0.0
LA Pomersbach,16.0,2.0,302.0,251.0,27.454545454545453,120.3187250996016,25.0,13.0,79.0,0.0,1.0,0.0,0.0,0.0,0.0,0.0,0.0,0.0,0.0
LB Williams,1.0,1.0,1.0,2.0,0.0,50.0,0.0,0.0,1.0,0.0,0.0,42.0,61.0,1.0,61.0,8.714285714285714,42.0,0.0,0.0
LE Plunkett,2.0,2.0,1.0,3.0,1.0,33.33333333333333,0.0,0.0,1.0,0.0,0.0,154.0,221.0,4.0,55.25,8.61038961038961,38.5,0.0,0.0
LH Ferguson,7.0,2.0,68.0,48.0,22.666666666666668,141.66666666666669,6.0,2.0,24.0,0.0,0.0,1002.0,1376.0,57.0,24.140350877192983,8.239520958083832,17.57894736842105,2.0,1.0
LJ Wright,5.0,2.0,106.0,63.0,21.2,168.25396825396825,16.0,3.0,44.0,0.0,0.0,75.0,120.0,2.0,60.0,9.6,37.5,0.0,0.0
LMP Simmons,29.0,2.0,1079.0,878.0,39.96296296296296,122.89293849658314,109.0,44.0,100.0,1.0,11.0,18.0,34.0,1.0,34.0,11.333333333333334,18.0,0.0,0.0
LPC Silva,3.0,2.0,40.0,27.0,20.0,148.14814814814815,5.0,1.0,23.0,0.0,0.0,6.0,21.0,0.0,0.0,21.0,0.0,0.0,0.0
LR Shukla,33.0,2.0,405.0,358.0,15.0,113.12849162011173,33.0,16.0,48.0,0.0,0.0,326.0,429.0,17.0,25.235294117647058,7.895705521472392,19.176470588235293,0.0,0.0
LRPL Taylor,54.0,2.0,1017.0,847.0,25.425,120.07083825265643,66.0,46.0,81.0,0.0,3.0,13.0,23.0,0.0,0.0,10.615384615384617,0.0,0.0,0.0
LS Livingstone,39.0,2.0,939.0,609.0,28.454545454545453,154.1871921182266,66.0,66.0,94.0,0.0,6.0,267.0,384.0,11.0,34.90909090909091,8.629213483146067,24.272727272727273,0.0,0.0
Lalit Yadav,21.0,2.0,305.0,301.0,19.0625,101.32890365448506,27.0,7.0,48.0,0.0,0.0,294.0,419.0,11.0,38.09090909090909,8.551020408163266,26.727272727272727,0.0,0.0
Liton Das,1.0,1.0,4.0,4.0,4.0,100.0,1.0,0.0,4.0,0.0,0.0,0.0,0.0,0.0,0.0,0.0,0.0,0.0,0.0
M Ashwin,12.0,2.0,35.0,50.0,3.888888888888889,70.0,2.0,1.0,9.0,0.0,0.0,898.0,1131.0,35.0,32.31428571428572,7.556792873051226,25.65714285714286,0.0,0.0
M Jansen,12.0,2.0,66.0,71.0,9.428571428571429,92.95774647887323,5.0,2.0,17.0,0.0,0.0,487.0,665.0,22.0,30.227272727272727,8.193018480492812,22.136363636363637,0.0,0.0
M Kaif,22.0,2.0,259.0,258.0,14.38888888888889,100.3875968992248,22.0,6.0,34.0,0.0,0.0,0.0,0.0,0.0,0.0,0.0,0.0,0.0,0.0
M Kartik,14.0,2.0,113.0,109.0,16.142857142857142,103.6697247706422,7.0,1.0,21.0,0.0,0.0,1182.0,1341.0,39.0,34.38461538461539,6.807106598984771,30.307692307692307,1.0,0.0
M Klinger,4.0,2.0,73.0,78.0,18.25,93.58974358974359,9.0,0.0,29.0,0.0,0.0,0.0,0.0,0.0,0.0,0.0,0.0,0.0,0.0
M Manhas,38.0,2.0,514.0,486.0,22.347826086956523,105.76131687242798,43.0,10.0,42.0,0.0,0.0,42.0,42.0,0.0,0.0,6.0,0.0,0.0,0.0
M Markande,10.0,2.0,48.0,44.0,16.0,109.09090909090908,5.0,1.0,18.0,0.0,0.0,737.0,1051.0,37.0,28.405405405405407,8.556309362279512,19.91891891891892,2.0,0.0
M Morkel,20.0,2.0,126.0,93.0,11.454545454545455,135.48387096774192,11.0,5.0,23.0,0.0,0.0,1699.0,2005.0,88.0,22.78409090909091,7.080635668040023,19.306818181818183,3.0,0.0
M Muralitharan,9.0,2.0,20.0,30.0,3.3333333333333335,66.66666666666666,1.0,0.0,6.0,0.0,0.0,1581.0,1642.0,67.0,24.507462686567163,6.2314990512333965,23.597014925373134,2.0,0.0
M Ntini,2.0,2.0,11.0,19.0,11.0,57.89473684210527,2.0,0.0,11.0,0.0,0.0,213.0,238.0,8.0,29.75,6.704225352112676,26.625,1.0,0.0
M Prasidh Krishna,7.0,2.0,9.0,24.0,3.0,37.5,0.0,0.0,4.0,0.0,0.0,1231.0,1619.0,54.0,29.98148148148148,7.891145410235581,22.796296296296298,0.0,1.0
M Rawat,11.0,2.0,55.0,70.0,11.0,78.57142857142857,4.0,1.0,23.0,0.0,0.0,0.0,0.0,0.0,0.0,0.0,0.0,0.0,0.0
M Shahrukh Khan,37.0,2.0,553.0,413.0,19.75,133.89830508474577,35.0,37.0,58.0,0.0,1.0,12.0,15.0,0.0,0.0,7.5,0.0,0.0,0.0
M Theekshana,2.0,2.0,7.0,7.0,7.0,100.0,0.0,1.0,7.0,0.0,0.0,631.0,789.0,25.0,31.56,7.502377179080824,25.24,1.0,0.0
M Vijay,105.0,2.0,2619.0,2208.0,25.93069306930693,118.61413043478262,247.0,91.0,127.0,2.0,13.0,37.0,48.0,0.0,0.0,7.783783783783783,0.0,0.0,0.0
M Vohra,51.0,2.0,1083.0,863.0,22.102040816326532,125.49246813441484,104.0,43.0,95.0,0.0,3.0,0.0,0.0,0.0,0.0,0.0,0.0,0.0,0.0
M de Lange,1.0,1.0,1.0,2.0,1.0,50.0,0.0,0.0,1.0,0.0,0.0,116.0,157.0,6.0,26.166666666666668,8.120689655172415,19.333333333333332,0.0,0.0
MA Agarwal,121.0,3.0,2669.0,2081.0,22.811965811965813,128.25564632388276,265.0,98.0,106.0,1.0,13.0,0.0,0.0,0.0,0.0,0.0,0.0,0.0,0.0
MA Khote,3.0,2.0,24.0,22.0,12.0,109.09090909090908,2.0,1.0,9.0,0.0,0.0,30.0,51.0,2.0,25.5,10.2,15.0,0.0,0.0
MA Starc,16.0,2.0,105.0,109.0,11.666666666666666,96.3302752293578,11.0,0.0,29.0,0.0,0.0,879.0,1070.0,59.0,18.135593220338983,7.303754266211604,14.898305084745763,3.0,0.0
MA Wood,3.0,1.0,12.0,10.0,6.0,120.0,1.0,1.0,10.0,0.0,0.0,127.0,172.0,11.0,15.636363636363637,8.125984251968504,11.545454545454545,0.0,1.0
MC Henriques,54.0,2.0,1000.0,801.0,27.77777777777778,124.84394506866417,87.0,28.0,74.0,0.0,5.0,979.0,1256.0,46.0,27.304347826086957,7.697650663942799,21.282608695652176,0.0,0.0
MC Juneja,7.0,2.0,125.0,134.0,17.857142857142858,93.28358208955224,11.0,1.0,49.0,0.0,0.0,0.0,0.0,0.0,0.0,0.0,0.0,0.0,0.0
MD Mishra,17.0,2.0,237.0,213.0,14.8125,111.26760563380283,24.0,8.0,41.0,0.0,0.0,0.0,0.0,0.0,0.0,0.0,0.0,0.0,0.0
MD Shanaka,3.0,2.0,26.0,26.0,13.0,100.0,2.0,1.0,17.0,0.0,0.0,0.0,0.0,0.0,0.0,0.0,0.0,0.0,0.0
MDKJ Perera,2.0,1.0,14.0,13.0,7.0,107.6923076923077,3.0,0.0,14.0,0.0,0.0,0.0,0.0,0.0,0.0,0.0,0.0,0.0,0.0
MEK Hussey,58.0,2.0,1977.0,1648.0,38.76470588235294,119.96359223300972,198.0,52.0,116.0,1.0,15.0,0.0,0.0,0.0,0.0,0.0,0.0,0.0,0.0
MF Maharoof,14.0,2.0,177.0,124.0,17.7,142.74193548387098,12.0,9.0,39.0,0.0,0.0,441.0,494.0,33.0,14.969696969696969,6.72108843537415,13.363636363636363,1.0,0.0
MG Bracewell,4.0,2.0,58.0,49.0,29.0,118.36734693877551,6.0,1.0,26.0,0.0,0.0,66.0,95.0,6.0,15.833333333333334,8.636363636363637,11.0,0.0,0.0
MG Johnson,28.0,2.0,167.0,168.0,12.846153846153847,99.40476190476191,10.0,7.0,16.0,0.0,0.0,1301.0,1633.0,66.0,24.742424242424242,7.531129900076864,19.71212121212121,1.0,0.0
MJ Clarke,6.0,2.0,98.0,96.0,16.333333333333332,102.08333333333333,12.0,0.0,41.0,0.0,0.0,66.0,67.0,3.0,22.333333333333332,6.090909090909091,22.0,0.0,0.0
MJ Guptill,13.0,3.0,271.0,197.0,22.583333333333332,137.56345177664974,24.0,15.0,50.0,0.0,1.0,0.0,0.0,0.0,0.0,0.0,0.0,0.0,0.0
MJ Lumb,12.0,2.0,278.0,198.0,23.166666666666668,140.4040404040404,45.0,6.0,83.0,0.0,1.0,0.0,0.0,0.0,0.0,0.0,0.0,0.0,0.0
MJ McClenaghan,20.0,2.0,85.0,73.0,6.538461538461538,116.43835616438356,5.0,7.0,20.0,0.0,0.0,1346.0,1726.0,75.0,23.013333333333332,7.693907875185735,17.946666666666665,2.0,0.0
MJ Santner,11.0,2.0,70.0,77.0,11.666666666666666,90.9090909090909,4.0,3.0,22.0,0.0,0.0,370.0,411.0,16.0,25.6875,6.664864864864865,23.125,0.0,0.0
MJ Suthar,1.0,1.0,1.0,2.0,1.0,50.0,0.0,0.0,1.0,0.0,0.0,12.0,26.0,0.0,0.0,13.0,0.0,0.0,0.0
MK Lomror,35.0,2.0,527.0,389.0,18.17241379310345,135.47557840616966,33.0,30.0,54.0,0.0,1.0,94.0,123.0,2.0,61.5,7.851063829787234,47.0,0.0,0.0
MK Pandey,158.0,3.0,3859.0,3288.0,29.015037593984964,117.36618004866179,335.0,111.0,114.0,1.0,22.0,0.0,0.0,0.0,0.0,0.0,0.0,0.0,0.0
MK Tiwary,83.0,2.0,1695.0,1489.0,28.728813559322035,113.83478844862324,156.0,40.0,75.0,0.0,7.0,45.0,78.0,1.0,78.0,10.4,45.0,0.0,0.0
ML Hayden,32.0,3.0,1107.0,839.0,35.70967741935484,131.94278903456495,121.0,44.0,93.0,0.0,8.0,0.0,0.0,0.0,0.0,0.0,0.0,0.0,0.0
MM Ali,57.0,2.0,1162.0,849.0,22.784313725490197,136.86690223792698,95.0,67.0,93.0,0.0,6.0,770.0,881.0,40.0,22.025,6.8649350649350644,19.25,2.0,0.0
MM Patel,12.0,2.0,39.0,41.0,6.5,95.1219512195122,5.0,0.0,23.0,0.0,0.0,1382.0,1670.0,82.0,20.365853658536587,7.250361794500724,16.853658536585368,3.0,1.0
MM Sharma,28.0,2.0,124.0,137.0,7.294117647058823,90.51094890510949,9.0,4.0,21.0,0.0,0.0,2308.0,3200.0,147.0,21.768707482993197,8.318890814558058,15.700680272108844,5.0,2.0
MN Samuels,14.0,2.0,161.0,174.0,12.384615384615385,92.52873563218391,9.0,7.0,46.0,0.0,0.0,219.0,278.0,10.0,27.8,7.616438356164384,21.9,0.0,0.0
MN van Wyk,5.0,2.0,167.0,135.0,55.666666666666664,123.7037037037037,19.0,1.0,74.0,0.0,1.0,0.0,0.0,0.0,0.0,0.0,0.0,0.0,0.0
MP Stoinis,88.0,2.0,1866.0,1366.0,28.272727272727273,136.60322108345534,150.0,91.0,124.0,1.0,9.0,831.0,1240.0,45.0,27.555555555555557,8.953068592057761,18.466666666666665,1.0,0.0
MR Marsh,36.0,2.0,665.0,532.0,19.558823529411764,125.0,48.0,38.0,89.0,0.0,3.0,593.0,762.0,37.0,20.594594594594593,7.709949409780776,16.027027027027028,2.0,0.0
MS Bisla,39.0,2.0,798.0,737.0,21.0,108.27679782903662,93.0,23.0,92.0,0.0,4.0,0.0,0.0,0.0,0.0,0.0,0.0,0.0,0.0
MS Dhoni,228.0,2.0,5243.0,3947.0,39.12686567164179,132.8350646060299,363.0,252.0,84.0,0.0,24.0,0.0,0.0,0.0,0.0,0.0,0.0,0.0,0.0
MS Gony,15.0,2.0,99.0,76.0,9.9,130.26315789473685,6.0,8.0,42.0,0.0,0.0,925.0,1250.0,39.0,32.05128205128205,8.108108108108109,23.71794871794872,0.0,0.0
MS Wade,14.0,2.0,183.0,185.0,13.071428571428571,98.91891891891892,23.0,2.0,35.0,0.0,0.0,0.0,0.0,0.0,0.0,0.0,0.0,0.0,0.0
MV Boucher,23.0,2.0,394.0,318.0,28.142857142857142,123.89937106918238,32.0,13.0,50.0,0.0,1.0,0.0,0.0,0.0,0.0,0.0,0.0,0.0,0.0
MW Short,6.0,2.0,117.0,99.0,19.5,118.18181818181819,15.0,4.0,36.0,0.0,0.0,25.0,24.0,0.0,0.0,5.76,0.0,0.0,0.0
Mandeep Singh,97.0,2.0,1706.0,1418.0,20.804878048780488,120.31029619181946,176.0,38.0,77.0,0.0,6.0,12.0,26.0,0.0,0.0,13.0,0.0,0.0,0.0
Mashrafe Mortaza,1.0,1.0,2.0,2.0,0.0,100.0,0.0,0.0,2.0,0.0,0.0,28.0,54.0,1.0,54.0,11.571428571428571,28.0,0.0,0.0
Mayank Dagar,1.0,1.0,0.0,1.0,0.0,0.0,0.0,0.0,0.0,0.0,0.0,138.0,198.0,2.0,99.0,8.608695652173912,69.0,0.0,0.0
Misbah-ul-Haq,8.0,2.0,117.0,82.0,16.714285714285715,142.6829268292683,10.0,6.0,47.0,0.0,0.0,0.0,0.0,0.0,0.0,0.0,0.0,0.0,0.0
Mohammad Ashraful,1.0,1.0,2.0,12.0,2.0,16.666666666666664,0.0,0.0,2.0,0.0,0.0,0.0,0.0,0.0,0.0,0.0,0.0,0.0,0.0
Mohammad Asif,2.0,1.0,3.0,6.0,1.5,50.0,0.0,0.0,3.0,0.0,0.0,199.0,289.0,9.0,32.111111111111114,8.71356783919598,22.11111111111111,0.0,0.0
Mohammad Hafeez,8.0,2.0,64.0,84.0,9.142857142857142,76.19047619047619,7.0,2.0,16.0,0.0,0.0,63.0,61.0,2.0,30.5,5.809523809523809,31.5,0.0,0.0
Mohammad Nabi,19.0,3.0,221.0,157.0,13.0,140.76433121019107,18.0,12.0,37.0,0.0,0.0,419.0,514.0,15.0,34.266666666666666,7.3603818615751795,27.933333333333334,1.0,0.0
Mohammed Shami,23.0,2.0,74.0,82.0,5.6923076923076925,90.2439024390244,6.0,2.0,21.0,0.0,0.0,2521.0,3286.0,144.0,22.819444444444443,7.82070606902023,17.506944444444443,3.0,0.0
Mohammed Siraj,20.0,2.0,109.0,122.0,10.9,89.34426229508196,10.0,4.0,14.0,0.0,0.0,2081.0,2676.0,96.0,27.875,7.7155213839500245,21.677083333333332,2.0,0.0
Mohit Rathee,1.0,1.0,1.0,2.0,0.0,50.0,0.0,0.0,1.0,0.0,0.0,12.0,29.0,0.0,0.0,14.5,0.0,0.0,0.0
Mohsin Khan,5.0,2.0,25.0,27.0,8.333333333333334,92.5925925925926,2.0,1.0,13.0,0.0,0.0,507.0,663.0,27.0,24.555555555555557,7.846153846153846,18.77777777777778,1.0,0.0
Mujeeb Ur Rahman,6.0,2.0,12.0,15.0,4.0,80.0,2.0,0.0,10.0,0.0,0.0,452.0,564.0,20.0,28.2,7.486725663716815,22.6,0.0,0.0
Mukesh Choudhary,2.0,2.0,6.0,6.0,6.0,100.0,1.0,0.0,4.0,0.0,0.0,298.0,432.0,16.0,27.0,8.697986577181208,18.625,1.0,0.0
Mukesh Kumar,5.0,1.0,10.0,20.0,10.0,50.0,0.0,0.0,6.0,0.0,0.0,420.0,673.0,31.0,21.70967741935484,9.614285714285714,13.548387096774194,1.0,0.0
Mustafizur Rahman,6.0,2.0,13.0,23.0,13.0,56.52173913043478,0.0,1.0,8.0,0.0,0.0,1353.0,1703.0,70.0,24.32857142857143,7.55210643015521,19.32857142857143,1.0,0.0
N Jagadeesan,10.0,2.0,162.0,155.0,18.0,104.51612903225806,21.0,2.0,39.0,0.0,0.0,0.0,0.0,0.0,0.0,0.0,0.0,0.0,0.0
N Pooran,72.0,3.0,1769.0,1143.0,31.035087719298247,154.7681539807524,113.0,127.0,77.0,0.0,9.0,0.0,0.0,0.0,0.0,0.0,0.0,0.0,0.0
N Rana,101.0,2.0,2636.0,2015.0,28.344086021505376,130.81885856079404,234.0,132.0,87.0,0.0,18.0,185.0,247.0,10.0,24.7,8.010810810810812,18.5,0.0,0.0
N Saini,10.0,2.0,140.0,143.0,14.0,97.9020979020979,16.0,0.0,50.0,0.0,1.0,0.0,0.0,0.0,0.0,0.0,0.0,0.0,0.0
N Wadhera,16.0,2.0,350.0,261.0,23.333333333333332,134.09961685823754,32.0,18.0,64.0,0.0,2.0,12.0,13.0,0.0,0.0,6.5,0.0,0.0,0.0
ND Doshi,1.0,1.0,0.0,13.0,0.0,0.0,0.0,0.0,0.0,0.0,0.0,57.0,78.0,2.0,39.0,8.210526315789474,28.5,0.0,0.0
NJ Maddinson,3.0,1.0,20.0,21.0,6.666666666666667,95.23809523809523,4.0,0.0,12.0,0.0,0.0,0.0,0.0,0.0,0.0,0.0,0.0,0.0,0.0
NJ Rimmington,1.0,1.0,1.0,1.0,0.0,100.0,0.0,0.0,1.0,0.0,0.0,18.0,19.0,0.0,0.0,6.333333333333333,0.0,0.0,0.0
NK Patel,6.0,2.0,121.0,124.0,30.25,97.58064516129032,14.0,1.0,57.0,0.0,1.0,0.0,0.0,0.0,0.0,0.0,0.0,0.0,0.0
NL McCullum,2.0,2.0,26.0,23.0,26.0,113.04347826086956,0.0,1.0,15.0,0.0,0.0,30.0,34.0,0.0,0.0,6.8,0.0,0.0,0.0
NLTC Perera,30.0,3.0,424.0,326.0,19.272727272727273,130.06134969325154,23.0,26.0,40.0,0.0,0.0,715.0,998.0,37.0,26.972972972972972,8.374825174825174,19.324324324324323,0.0,0.0
NM Coulter-Nile,16.0,2.0,82.0,75.0,7.454545454545454,109.33333333333333,7.0,4.0,24.0,0.0,0.0,892.0,1063.0,52.0,20.442307692307693,7.150224215246637,17.153846153846153,2.0,0.0
NS Naik,4.0,2.0,31.0,53.0,7.75,58.490566037735846,2.0,0.0,22.0,0.0,0.0,0.0,0.0,0.0,0.0,0.0,0.0,0.0,0.0
NT Ellis,5.0,2.0,19.0,26.0,4.75,73.07692307692307,0.0,1.0,12.0,0.0,0.0,365.0,496.0,19.0,26.105263157894736,8.153424657534247,19.210526315789473,2.0,0.0
NV Ojha,94.0,2.0,1554.0,1360.0,20.72,114.26470588235293,121.0,79.0,94.0,0.0,6.0,0.0,0.0,0.0,0.0,0.0,0.0,0.0,0.0
Naman Dhir,7.0,2.0,140.0,84.0,23.333333333333332,166.66666666666669,12.0,10.0,62.0,0.0,1.0,29.0,54.0,0.0,0.0,11.172413793103448,0.0,0.0,0.0
Navdeep Saini,7.0,2.0,33.0,38.0,8.25,86.8421052631579,3.0,0.0,12.0,0.0,0.0,682.0,911.0,26.0,35.03846153846154,8.01466275659824,26.23076923076923,0.0,0.0
Naveen-ul-Haq,4.0,2.0,18.0,26.0,18.0,69.23076923076923,2.0,0.0,13.0,0.0,0.0,407.0,571.0,26.0,21.96153846153846,8.417690417690418,15.653846153846153,1.0,0.0
Nithish Kumar Reddy,11.0,2.0,303.0,221.0,33.666666666666664,137.10407239819006,15.0,21.0,76.0,0.0,2.0,118.0,198.0,4.0,49.5,10.067796610169491,29.5,0.0,0.0
Noor Ahmad,5.0,2.0,13.0,18.0,3.25,72.22222222222221,2.0,0.0,7.0,0.0,0.0,513.0,637.0,24.0,26.541666666666668,7.450292397660819,21.375,0.0,0.0
OA Shah,22.0,2.0,506.0,405.0,33.733333333333334,124.93827160493827,34.0,23.0,76.0,0.0,4.0,0.0,0.0,0.0,0.0,0.0,0.0,0.0,0.0
OC McCoy,1.0,1.0,8.0,5.0,8.0,160.0,0.0,1.0,8.0,0.0,0.0,180.0,231.0,11.0,21.0,7.7,16.363636363636363,0.0,0.0
OF Smith,6.0,2.0,51.0,50.0,17.0,102.0,1.0,5.0,25.0,0.0,0.0,95.0,173.0,7.0,24.714285714285715,10.926315789473684,13.571428571428571,1.0,0.0
P Awana,5.0,2.0,5.0,14.0,2.5,35.714285714285715,0.0,0.0,4.0,0.0,0.0,774.0,1000.0,43.0,23.25581395348837,7.751937984496124,18.0,1.0,0.0
P Chopra,1.0,1.0,8.0,6.0,8.0,133.33333333333331,2.0,0.0,8.0,0.0,0.0,0.0,0.0,0.0,0.0,0.0,0.0,0.0,0.0
P Dogra,12.0,2.0,127.0,141.0,11.545454545454545,90.0709219858156,4.0,5.0,41.0,0.0,0.0,0.0,0.0,0.0,0.0,0.0,0.0,0.0,0.0
P Dubey,2.0,2.0,23.0,33.0,23.0,69.6969696969697,2.0,0.0,16.0,0.0,0.0,67.0,90.0,1.0,90.0,8.059701492537314,67.0,0.0,0.0
P Kumar,57.0,2.0,340.0,323.0,8.947368421052632,105.26315789473684,22.0,17.0,34.0,0.0,0.0,2637.0,3106.0,102.0,30.45098039215686,7.06712172923777,25.852941176470587,0.0,0.0
P Negi,35.0,2.0,365.0,301.0,14.038461538461538,121.26245847176081,27.0,16.0,36.0,0.0,0.0,733.0,922.0,38.0,24.263157894736842,7.54706684856753,19.289473684210527,1.0,0.0
P Parameswaran,2.0,2.0,1.0,3.0,0.0,33.33333333333333,0.0,0.0,1.0,0.0,0.0,159.0,219.0,9.0,24.333333333333332,8.264150943396226,17.666666666666668,0.0,0.0
P Ray Barman,1.0,1.0,19.0,25.0,19.0,76.0,2.0,0.0,19.0,0.0,0.0,24.0,56.0,0.0,0.0,14.0,0.0,0.0,0.0
P Sahu,2.0,1.0,19.0,13.0,19.0,146.15384615384613,1.0,1.0,18.0,0.0,0.0,107.0,144.0,3.0,48.0,8.074766355140188,35.666666666666664,0.0,0.0
P Simran Singh,34.0,2.0,756.0,528.0,22.235294117647058,143.1818181818182,78.0,41.0,103.0,1.0,3.0,0.0,0.0,0.0,0.0,0.0,0.0,0.0,0.0
PA Patel,136.0,2.0,2848.0,2442.0,22.603174603174605,116.62571662571663,365.0,49.0,81.0,0.0,13.0,0.0,0.0,0.0,0.0,0.0,0.0,0.0,0.0
PA Reddy,10.0,2.0,164.0,167.0,16.4,98.20359281437125,15.0,2.0,42.0,0.0,0.0,0.0,0.0,0.0,0.0,0.0,0.0,0.0,0.0
PBB Rajapaksa,13.0,2.0,277.0,201.0,21.307692307692307,137.81094527363186,22.0,15.0,50.0,0.0,1.0,0.0,0.0,0.0,0.0,0.0,0.0,0.0,0.0
PC Valthaty,23.0,2.0,505.0,432.0,22.954545454545453,116.89814814814814,61.0,20.0,120.0,1.0,2.0,153.0,199.0,7.0,28.428571428571427,7.803921568627451,21.857142857142858,1.0,0.0
PD Collingwood,7.0,2.0,203.0,159.0,40.6,127.67295597484276,9.0,13.0,75.0,0.0,3.0,90.0,100.0,5.0,20.0,6.666666666666667,18.0,0.0,0.0
PD Salt,21.0,2.0,653.0,385.0,34.36842105263158,169.6103896103896,74.0,34.0,89.0,0.0,6.0,0.0,0.0,0.0,0.0,0.0,0.0,0.0,0.0
PJ Cummins,39.0,2.0,515.0,359.0,19.807692307692307,143.4540389972145,33.0,34.0,66.0,0.0,3.0,1370.0,1852.0,66.0,28.060606060606062,8.110948905109488,20.757575757575758,2.0,0.0
PJ Sangwan,14.0,2.0,26.0,47.0,3.25,55.319148936170215,1.0,0.0,6.0,0.0,0.0,905.0,1182.0,44.0,26.863636363636363,7.83646408839779,20.568181818181817,0.0,0.0
PK Garg,19.0,2.0,273.0,247.0,15.166666666666666,110.5263157894737,16.0,9.0,51.0,0.0,1.0,0.0,0.0,0.0,0.0,0.0,0.0,0.0,0.0
PM Sarvesh Kumar,1.0,1.0,1.0,2.0,0.0,50.0,0.0,0.0,1.0,0.0,0.0,31.0,41.0,1.0,41.0,7.935483870967741,31.0,0.0,0.0
PN Mankad,5.0,2.0,97.0,75.0,32.333333333333336,129.33333333333331,13.0,2.0,64.0,0.0,1.0,0.0,0.0,0.0,0.0,0.0,0.0,0.0,0.0
PP Chawla,86.0,2.0,624.0,580.0,11.142857142857142,107.58620689655172,56.0,20.0,24.0,0.0,0.0,3895.0,5027.0,201.0,25.00995024875622,7.743774069319641,19.378109452736318,3.0,0.0
PP Ojha,19.0,2.0,16.0,45.0,1.3333333333333333,35.55555555555556,0.0,0.0,3.0,0.0,0.0,1945.0,2261.0,99.0,22.838383838383837,6.974807197943444,19.646464646464647,1.0,0.0
PP Shaw,79.0,2.0,1892.0,1321.0,23.949367088607595,143.22482967448903,238.0,61.0,99.0,0.0,14.0,0.0,0.0,0.0,0.0,0.0,0.0,0.0,0.0
PR Shah,9.0,2.0,92.0,97.0,11.5,94.84536082474226,9.0,2.0,29.0,0.0,0.0,0.0,0.0,0.0,0.0,0.0,0.0,0.0,0.0
PSP Handscomb,1.0,1.0,6.0,12.0,6.0,50.0,0.0,0.0,6.0,0.0,0.0,0.0,0.0,0.0,0.0,0.0,0.0,0.0,0.0
PV Tambe,6.0,2.0,18.0,39.0,9.0,46.15384615384615,1.0,0.0,7.0,0.0,0.0,674.0,834.0,28.0,29.785714285714285,7.42433234421365,24.071428571428573,1.0,0.0
PVD Chameera,7.0,2.0,43.0,32.0,10.75,134.375,3.0,3.0,17.0,0.0,0.0,297.0,413.0,11.0,37.54545454545455,8.343434343434344,27.0,0.0,0.0
PWH de Silva,14.0,2.0,72.0,80.0,7.2,90.0,7.0,1.0,18.0,0.0,0.0,557.0,741.0,36.0,20.583333333333332,7.982046678635548,15.472222222222221,1.0,1.0
Pankaj Singh,5.0,2.0,7.0,12.0,3.5,58.333333333333336,0.0,0.0,4.0,0.0,0.0,311.0,453.0,11.0,41.18181818181818,8.739549839228296,28.272727272727273,0.0,0.0
Parvez Rasool,4.0,2.0,17.0,20.0,8.5,85.0,1.0,0.0,10.0,0.0,0.0,200.0,268.0,4.0,67.0,8.04,50.0,0.0,0.0
Q de Kock,107.0,3.0,3160.0,2410.0,30.980392156862745,131.12033195020746,316.0,123.0,140.0,2.0,23.0,0.0,0.0,0.0,0.0,0.0,0.0,0.0,0.0
R Ashwin,89.0,2.0,800.0,698.0,13.333333333333334,114.61318051575931,61.0,28.0,50.0,0.0,1.0,4679.0,5178.0,198.0,26.151515151515152,6.639880316306903,23.63131313131313,1.0,1.0
R Bhatia,47.0,2.0,342.0,290.0,11.4,117.9310344827586,24.0,13.0,26.0,0.0,0.0,1661.0,1986.0,82.0,24.21951219512195,7.173991571342565,20.25609756097561,2.0,0.0
R Bishnoi,3.0,2.0,19.0,17.0,6.333333333333333,111.76470588235294,1.0,2.0,18.0,0.0,0.0,0.0,0.0,0.0,0.0,0.0,0.0,0.0,0.0
R Dhawan,22.0,2.0,210.0,188.0,19.09090909090909,111.70212765957446,18.0,7.0,25.0,0.0,0.0,693.0,851.0,27.0,31.51851851851852,7.367965367965368,25.666666666666668,0.0,0.0
R Dravid,82.0,2.0,2174.0,1918.0,28.233766233766232,113.34723670490095,269.0,28.0,75.0,0.0,11.0,0.0,0.0,0.0,0.0,0.0,0.0,0.0,0.0
R McLaren,13.0,2.0,159.0,178.0,19.875,89.32584269662921,14.0,1.0,51.0,0.0,1.0,372.0,520.0,14.0,37.142857142857146,8.387096774193548,26.571428571428573,0.0,0.0
R Ninan,1.0,1.0,3.0,6.0,3.0,50.0,0.0,0.0,3.0,0.0,0.0,36.0,65.0,3.0,21.666666666666668,10.833333333333334,12.0,0.0,0.0
R Parag,58.0,2.0,1173.0,909.0,24.4375,129.04290429042905,84.0,60.0,84.0,0.0,6.0,181.0,300.0,5.0,60.0,9.94475138121547,36.2,0.0,0.0
R Powell,22.0,2.0,360.0,254.0,18.94736842105263,141.73228346456693,21.0,28.0,67.0,0.0,1.0,21.0,32.0,1.0,32.0,9.142857142857142,21.0,0.0,0.0
R Rampaul,7.0,2.0,51.0,52.0,10.2,98.07692307692307,3.0,2.0,23.0,0.0,0.0,278.0,299.0,17.0,17.58823529411765,6.453237410071942,16.352941176470587,0.0,0.0
R Ravindra,10.0,2.0,222.0,146.0,22.2,152.05479452054794,22.0,12.0,61.0,0.0,1.0,12.0,7.0,0.0,0.0,3.5,0.0,0.0,0.0
R Sai Kishore,1.0,1.0,13.0,6.0,13.0,216.66666666666666,0.0,2.0,13.0,0.0,0.0,191.0,253.0,13.0,19.46153846153846,7.947643979057592,14.692307692307692,1.0,0.0
R Sanjay Yadav,1.0,1.0,0.0,2.0,0.0,0.0,0.0,0.0,0.0,0.0,0.0,14.0,21.0,0.0,0.0,9.0,0.0,0.0,0.0
R Sathish,24.0,2.0,270.0,236.0,15.882352941176471,114.40677966101696,22.0,6.0,27.0,0.0,0.0,144.0,227.0,6.0,37.833333333333336,9.458333333333334,24.0,0.0,0.0
R Sharma,19.0,2.0,66.0,77.0,4.714285714285714,85.71428571428571,5.0,3.0,14.0,0.0,0.0,935.0,1079.0,42.0,25.69047619047619,6.924064171122994,22.261904761904763,0.0,0.0
R Shepherd,9.0,2.0,115.0,68.0,23.0,169.11764705882354,7.0,10.0,39.0,0.0,0.0,133.0,247.0,6.0,41.166666666666664,11.142857142857142,22.166666666666668,0.0,0.0
R Shukla,4.0,2.0,19.0,23.0,19.0,82.6086956521739,2.0,0.0,14.0,0.0,0.0,130.0,198.0,7.0,28.285714285714285,9.138461538461538,18.571428571428573,0.0,0.0
R Tewatia,65.0,2.0,1013.0,788.0,25.325,128.55329949238578,84.0,47.0,53.0,0.0,1.0,866.0,1088.0,36.0,30.22222222222222,7.538106235565819,24.055555555555557,0.0,0.0
R Vinay Kumar,42.0,2.0,310.0,289.0,11.071428571428571,107.26643598615917,21.0,9.0,26.0,0.0,0.0,2186.0,2925.0,127.0,23.031496062992126,8.02836230558097,17.212598425196852,2.0,1.0
RA Bawa,2.0,2.0,11.0,14.0,5.5,78.57142857142857,1.0,0.0,11.0,0.0,0.0,0.0,0.0,0.0,0.0,0.0,0.0,0.0,0.0
RA Jadeja,180.0,2.0,2959.0,2378.0,27.39814814814815,124.4322960470984,215.0,107.0,62.0,0.0,3.0,3895.0,4777.0,169.0,28.266272189349113,7.358664955070604,23.047337278106507,3.0,1.0
RA Tripathi,93.0,2.0,2236.0,1650.0,26.93975903614458,135.51515151515153,223.0,84.0,93.0,0.0,12.0,6.0,12.0,0.0,0.0,12.0,0.0,0.0,0.0
RD Chahar,22.0,2.0,129.0,127.0,8.0625,101.5748031496063,13.0,5.0,25.0,0.0,0.0,1697.0,2102.0,76.0,27.657894736842106,7.431938715380083,22.32894736842105,1.0,0.0
RD Gaikwad,65.0,2.0,2380.0,1781.0,41.75438596491228,133.63279056709715,217.0,91.0,108.0,2.0,18.0,0.0,0.0,0.0,0.0,0.0,0.0,0.0,0.0
RE Levi,6.0,2.0,83.0,74.0,13.833333333333334,112.16216216216218,10.0,4.0,50.0,0.0,1.0,0.0,0.0,0.0,0.0,0.0,0.0,0.0,0.0
RE van der Merwe,15.0,2.0,159.0,144.0,14.454545454545455,110.41666666666667,11.0,8.0,35.0,0.0,0.0,455.0,486.0,25.0,19.44,6.408791208791209,18.2,0.0,0.0
RG More,1.0,1.0,2.0,2.0,0.0,100.0,0.0,0.0,2.0,0.0,0.0,37.0,57.0,1.0,57.0,9.243243243243242,37.0,0.0,0.0
RG Sharma,251.0,3.0,6630.0,5183.0,29.730941704035875,127.91819409608335,599.0,281.0,109.0,2.0,43.0,349.0,438.0,16.0,27.375,7.530085959885387,21.8125,2.0,0.0
RJ Gleeson,1.0,1.0,2.0,2.0,0.0,100.0,0.0,0.0,2.0,0.0,0.0,51.0,67.0,1.0,67.0,7.882352941176471,51.0,0.0,0.0
RJ Harris,21.0,2.0,117.0,112.0,9.75,104.46428571428572,6.0,3.0,17.0,0.0,0.0,865.0,998.0,47.0,21.23404255319149,6.922543352601156,18.404255319148938,1.0,0.0
RJ Peterson,5.0,2.0,32.0,32.0,10.666666666666666,100.0,3.0,1.0,16.0,0.0,0.0,48.0,70.0,3.0,23.333333333333332,8.75,16.0,0.0,0.0
RJ Quiney,7.0,2.0,103.0,105.0,14.714285714285714,98.09523809523809,12.0,3.0,51.0,0.0,1.0,0.0,0.0,0.0,0.0,0.0,0.0,0.0,0.0
RJW Topley,1.0,1.0,3.0,6.0,0.0,50.0,0.0,0.0,3.0,0.0,0.0,107.0,177.0,5.0,35.4,9.925233644859814,21.4,0.0,0.0
RK Bhui,4.0,2.0,10.0,27.0,2.5,37.03703703703704,0.0,0.0,7.0,0.0,0.0,0.0,0.0,0.0,0.0,0.0,0.0,0.0,0.0
RK Singh,40.0,2.0,893.0,654.0,30.79310344827586,136.54434250764527,67.0,46.0,67.0,0.0,4.0,0.0,0.0,0.0,0.0,0.0,0.0,0.0,0.0
RM Patidar,24.0,2.0,799.0,534.0,34.73913043478261,149.625468164794,51.0,54.0,112.0,1.0,7.0,0.0,0.0,0.0,0.0,0.0,0.0,0.0,0.0
RN ten Doeschate,21.0,2.0,326.0,238.0,23.285714285714285,136.9747899159664,26.0,15.0,70.0,0.0,1.0,83.0,88.0,3.0,29.333333333333332,6.36144578313253,27.666666666666668,0.0,0.0
RP Meredith,2.0,1.0,0.0,3.0,0.0,0.0,0.0,0.0,0.0,0.0,0.0,415.0,572.0,21.0,27.238095238095237,8.269879518072289,19.761904761904763,0.0,0.0
RP Singh,28.0,2.0,52.0,78.0,3.466666666666667,66.66666666666666,2.0,1.0,10.0,0.0,0.0,1874.0,2236.0,100.0,22.36,7.159018143009606,18.74,3.0,1.0
RR Bhatkal,1.0,1.0,0.0,2.0,0.0,0.0,0.0,0.0,0.0,0.0,0.0,12.0,35.0,0.0,0.0,17.5,0.0,0.0,0.0
RR Pant,110.0,4.0,3297.0,2296.0,35.45161290322581,143.59756097560975,298.0,154.0,128.0,1.0,18.0,0.0,0.0,0.0,0.0,0.0,0.0,0.0,0.0
RR Powar,9.0,2.0,67.0,64.0,22.333333333333332,104.6875,6.0,1.0,28.0,0.0,0.0,443.0,501.0,15.0,33.4,6.785553047404064,29.533333333333335,0.0,0.0
RR Raje,5.0,2.0,20.0,18.0,20.0,111.11111111111111,1.0,1.0,11.0,0.0,0.0,144.0,200.0,7.0,28.571428571428573,8.333333333333334,20.571428571428573,0.0,0.0
RR Rossouw,22.0,2.0,473.0,321.0,23.65,147.35202492211837,45.0,25.0,82.0,0.0,2.0,0.0,0.0,0.0,0.0,0.0,0.0,0.0,0.0
RR Sarwan,4.0,2.0,73.0,78.0,18.25,93.58974358974359,6.0,1.0,31.0,0.0,0.0,0.0,0.0,0.0,0.0,0.0,0.0,0.0,0.0
RS Bopara,22.0,2.0,531.0,468.0,29.5,113.46153846153845,39.0,16.0,84.0,0.0,3.0,213.0,276.0,13.0,21.23076923076923,7.774647887323944,16.384615384615383,0.0,0.0
RS Gavaskar,1.0,1.0,2.0,8.0,2.0,25.0,0.0,0.0,2.0,0.0,0.0,6.0,8.0,0.0,0.0,8.0,0.0,0.0,0.0
RS Sodhi,1.0,1.0,4.0,2.0,0.0,200.0,1.0,0.0,4.0,0.0,0.0,0.0,0.0,0.0,0.0,0.0,0.0,0.0,0.0
RT Ponting,9.0,2.0,91.0,129.0,10.11111111111111,70.54263565891473,5.0,2.0,28.0,0.0,0.0,0.0,0.0,0.0,0.0,0.0,0.0,0.0,0.0
RV Gomez,9.0,2.0,50.0,53.0,10.0,94.33962264150944,5.0,1.0,26.0,0.0,0.0,97.0,128.0,6.0,21.333333333333332,7.917525773195876,16.166666666666668,0.0,0.0
RV Patel,7.0,2.0,80.0,76.0,16.0,105.26315789473684,6.0,2.0,23.0,0.0,0.0,20.0,20.0,0.0,0.0,6.0,0.0,0.0,0.0
RV Uthappa,197.0,3.0,4954.0,3927.0,27.522222222222222,126.15227909345556,481.0,182.0,88.0,0.0,27.0,0.0,0.0,0.0,0.0,0.0,0.0,0.0,0.0
Rahmanullah Gurbaz,13.0,2.0,289.0,228.0,22.23076923076923,126.75438596491229,24.0,19.0,81.0,0.0,2.0,0.0,0.0,0.0,0.0,0.0,0.0,0.0,0.0
Ramandeep Singh,13.0,2.0,170.0,106.0,28.333333333333332,160.37735849056605,8.0,13.0,35.0,0.0,0.0,45.0,58.0,6.0,9.666666666666666,7.733333333333333,7.5,0.0,0.0
Rashid Khan,58.0,2.0,545.0,355.0,14.72972972972973,153.52112676056336,39.0,38.0,79.0,0.0,1.0,2901.0,3222.0,157.0,20.522292993630572,6.6639089968976215,18.477707006369428,2.0,1.0
Rasikh Salam,6.0,2.0,40.0,40.0,8.0,100.0,5.0,0.0,10.0,0.0,0.0,207.0,327.0,9.0,36.333333333333336,9.478260869565217,23.0,0.0,0.0
Ravi Bishnoi,14.0,2.0,32.0,52.0,4.0,61.53846153846154,2.0,0.0,6.0,0.0,0.0,1460.0,1784.0,68.0,26.235294117647058,7.331506849315068,21.470588235294116,0.0,0.0
S Anirudha,12.0,2.0,136.0,121.0,17.0,112.39669421487604,9.0,7.0,64.0,0.0,1.0,0.0,0.0,0.0,0.0,0.0,0.0,0.0,0.0
S Aravind,10.0,2.0,59.0,59.0,14.75,100.0,7.0,0.0,14.0,0.0,0.0,788.0,1007.0,48.0,20.979166666666668,7.66751269035533,16.416666666666668,2.0,0.0
S Badree,5.0,2.0,13.0,25.0,2.6,52.0,0.0,0.0,8.0,0.0,0.0,263.0,309.0,11.0,28.09090909090909,7.0494296577946765,23.90909090909091,1.0,0.0
S Badrinath,65.0,2.0,1441.0,1245.0,30.659574468085108,115.74297188755021,154.0,28.0,71.0,0.0,11.0,0.0,0.0,0.0,0.0,0.0,0.0,0.0,0.0
S Chanderpaul,3.0,2.0,25.0,33.0,8.333333333333334,75.75757575757575,4.0,0.0,16.0,0.0,0.0,0.0,0.0,0.0,0.0,0.0,0.0,0.0,0.0
S Dhawan,221.0,3.0,6769.0,5483.0,35.07253886010363,123.45431333211745,768.0,153.0,106.0,2.0,51.0,49.0,65.0,4.0,16.25,7.959183673469388,12.25,0.0,0.0
S Dube,61.0,2.0,1502.0,1077.0,30.04,139.46146703806872,86.0,101.0,95.0,0.0,9.0,117.0,175.0,6.0,29.166666666666668,8.974358974358974,19.5,0.0,0.0
S Gopal,22.0,2.0,180.0,173.0,12.857142857142858,104.04624277456647,19.0,2.0,24.0,0.0,0.0,1000.0,1340.0,53.0,25.28301886792453,8.040000000000001,18.867924528301888,1.0,0.0
S Kaul,9.0,2.0,20.0,36.0,5.0,55.55555555555556,1.0,0.0,7.0,0.0,0.0,1238.0,1706.0,63.0,27.07936507936508,8.268174474959611,19.650793650793652,1.0,0.0
S Kaushik,1.0,1.0,0.0,1.0,0.0,0.0,0.0,0.0,0.0,0.0,0.0,210.0,291.0,6.0,48.5,8.314285714285715,35.0,0.0,0.0
S Ladda,2.0,1.0,0.0,10.0,0.0,0.0,0.0,0.0,0.0,0.0,0.0,141.0,221.0,5.0,44.2,9.404255319148936,28.2,0.0,0.0
S Lamichhane,1.0,1.0,0.0,1.0,0.0,0.0,0.0,0.0,0.0,0.0,0.0,211.0,291.0,14.0,20.785714285714285,8.274881516587678,15.071428571428571,0.0,0.0
S Nadeem,20.0,2.0,39.0,88.0,2.7857142857142856,44.31818181818182,2.0,0.0,6.0,0.0,0.0,1444.0,1753.0,54.0,32.46296296296296,7.283933518005541,26.74074074074074,0.0,0.0
S Narwal,4.0,2.0,37.0,29.0,12.333333333333334,127.58620689655173,6.0,0.0,23.0,0.0,0.0,113.0,195.0,6.0,32.5,10.353982300884956,18.833333333333332,1.0,0.0
S Rana,8.0,2.0,91.0,82.0,22.75,110.97560975609757,9.0,1.0,19.0,0.0,0.0,16.0,18.0,0.0,0.0,6.75,0.0,0.0,0.0
S Randiv,1.0,1.0,2.0,4.0,2.0,50.0,0.0,0.0,2.0,0.0,0.0,180.0,217.0,8.0,27.125,7.233333333333333,22.5,0.0,0.0
S Sohal,20.0,2.0,368.0,311.0,18.4,118.32797427652733,34.0,18.0,62.0,0.0,2.0,0.0,0.0,0.0,0.0,0.0,0.0,0.0,0.0
S Sreesanth,12.0,2.0,34.0,57.0,8.5,59.64912280701754,6.0,0.0,15.0,0.0,0.0,947.0,1112.0,43.0,25.86046511627907,7.045406546990496,22.023255813953487,0.0,0.0
S Sriram,2.0,1.0,31.0,38.0,15.5,81.57894736842105,3.0,0.0,27.0,0.0,0.0,18.0,49.0,0.0,0.0,16.333333333333332,0.0,0.0,0.0
S Tyagi,1.0,1.0,3.0,4.0,3.0,75.0,0.0,0.0,3.0,0.0,0.0,220.0,284.0,6.0,47.333333333333336,7.745454545454546,36.666666666666664,0.0,0.0
S Vidyut,8.0,2.0,145.0,115.0,18.125,126.08695652173914,21.0,3.0,54.0,0.0,1.0,13.0,21.0,1.0,21.0,9.692307692307693,13.0,0.0,0.0
SA Abbott,3.0,2.0,22.0,18.0,7.333333333333333,122.22222222222223,1.0,2.0,14.0,0.0,0.0,59.0,99.0,1.0,99.0,10.067796610169491,59.0,0.0,0.0
SA Asnodkar,19.0,2.0,423.0,352.0,21.15,120.17045454545455,56.0,10.0,60.0,0.0,2.0,0.0,0.0,0.0,0.0,0.0,0.0,0.0,0.0
SA Yadav,135.0,3.0,3594.0,2522.0,31.805309734513273,142.50594766058683,385.0,130.0,103.0,2.0,24.0,6.0,8.0,0.0,0.0,8.0,0.0,0.0,0.0
SB Bangar,7.0,2.0,49.0,58.0,7.0,84.48275862068965,1.0,3.0,17.0,0.0,0.0,153.0,212.0,6.0,35.333333333333336,8.313725490196079,25.5,0.0,0.0
SB Dubey,3.0,2.0,33.0,21.0,16.5,157.14285714285714,3.0,2.0,25.0,0.0,0.0,0.0,0.0,0.0,0.0,0.0,0.0,0.0,0.0
SB Jakati,5.0,1.0,28.0,30.0,28.0,93.33333333333333,3.0,0.0,13.0,0.0,0.0,1101.0,1422.0,50.0,28.44,7.7493188010899186,22.02,2.0,0.0
SB Joshi,2.0,2.0,6.0,16.0,3.0,37.5,0.0,0.0,3.0,0.0,0.0,55.0,82.0,1.0,82.0,8.945454545454545,55.0,0.0,0.0
SB Styris,10.0,2.0,131.0,134.0,18.714285714285715,97.76119402985076,10.0,3.0,36.0,0.0,0.0,222.0,270.0,9.0,30.0,7.297297297297297,24.666666666666668,0.0,0.0
SB Wagh,2.0,2.0,2.0,3.0,1.0,66.66666666666666,0.0,0.0,2.0,0.0,0.0,108.0,131.0,5.0,26.2,7.277777777777778,21.6,0.0,0.0
SC Ganguly,56.0,2.0,1349.0,1326.0,25.452830188679247,101.73453996983409,137.0,42.0,91.0,0.0,7.0,280.0,359.0,12.0,29.916666666666668,7.692857142857143,23.333333333333332,0.0,0.0
SD Chitnis,8.0,2.0,99.0,92.0,14.142857142857142,107.6086956521739,10.0,2.0,38.0,0.0,0.0,38.0,54.0,2.0,27.0,8.526315789473685,19.0,0.0,0.0
SD Hope,9.0,2.0,183.0,125.0,22.875,146.4,12.0,12.0,41.0,0.0,0.0,0.0,0.0,0.0,0.0,0.0,0.0,0.0,0.0
SD Lad,1.0,1.0,15.0,13.0,15.0,115.38461538461537,1.0,1.0,15.0,0.0,0.0,0.0,0.0,0.0,0.0,0.0,0.0,0.0,0.0
SE Bond,1.0,1.0,1.0,2.0,1.0,50.0,0.0,0.0,1.0,0.0,0.0,191.0,218.0,9.0,24.22222222222222,6.848167539267016,21.22222222222222,0.0,0.0
SE Marsh,69.0,3.0,2489.0,1913.0,39.507936507936506,130.10977522216413,269.0,78.0,115.0,1.0,20.0,0.0,0.0,0.0,0.0,0.0,0.0,0.0,0.0
SE Rutherford,9.0,2.0,106.0,107.0,15.142857142857142,99.06542056074767,3.0,8.0,28.0,0.0,0.0,46.0,54.0,1.0,54.0,7.0434782608695645,46.0,0.0,0.0
SH Johnson,3.0,2.0,6.0,7.0,0.0,85.71428571428571,1.0,0.0,5.0,0.0,0.0,99.0,148.0,4.0,37.0,8.969696969696969,24.75,0.0,0.0
SJ Srivastava,4.0,2.0,5.0,5.0,5.0,100.0,0.0,0.0,3.0,0.0,0.0,306.0,409.0,15.0,27.266666666666666,8.019607843137255,20.4,0.0,0.0
SK Raina,200.0,3.0,5536.0,4177.0,32.37426900584796,132.53531242518554,506.0,204.0,100.0,1.0,39.0,930.0,1096.0,30.0,36.53333333333333,7.070967741935484,31.0,0.0,0.0
SK Trivedi,14.0,2.0,42.0,61.0,6.0,68.85245901639344,3.0,1.0,9.0,0.0,0.0,1557.0,1840.0,73.0,25.205479452054796,7.090558766859345,21.328767123287673,4.0,0.0
SK Warne,27.0,2.0,198.0,219.0,9.9,90.41095890410958,14.0,6.0,34.0,0.0,0.0,1223.0,1408.0,60.0,23.466666666666665,6.907604251839738,20.383333333333333,1.0,0.0
SL Malinga,20.0,2.0,88.0,103.0,5.5,85.43689320388349,6.0,5.0,17.0,0.0,0.0,2974.0,3194.0,188.0,16.98936170212766,6.4438466711499665,15.819148936170214,9.0,2.0
SM Curran,48.0,2.0,883.0,673.0,25.228571428571428,131.2035661218425,74.0,37.0,63.0,0.0,5.0,1234.0,1847.0,62.0,29.79032258064516,8.980551053484604,19.903225806451612,1.0,0.0
SM Harwood,2.0,2.0,9.0,14.0,0.0,64.28571428571429,0.0,0.0,6.0,0.0,0.0,67.0,61.0,3.0,20.333333333333332,5.462686567164179,22.333333333333332,0.0,0.0
SM Katich,11.0,2.0,241.0,191.0,24.1,126.17801047120419,26.0,8.0,75.0,0.0,2.0,0.0,0.0,0.0,0.0,0.0,0.0,0.0,0.0
SM Pollock,8.0,2.0,147.0,116.0,18.375,126.72413793103448,12.0,8.0,33.0,0.0,0.0,280.0,297.0,13.0,22.846153846153847,6.364285714285715,21.53846153846154,1.0,0.0
SMSM Senanayake,4.0,2.0,10.0,17.0,10.0,58.82352941176471,0.0,0.0,7.0,0.0,0.0,195.0,206.0,9.0,22.88888888888889,6.338461538461538,21.666666666666668,0.0,0.0
SN Khan,36.0,2.0,585.0,456.0,22.5,128.28947368421052,63.0,14.0,67.0,0.0,1.0,2.0,6.0,0.0,0.0,18.0,0.0,0.0,0.0
SN Thakur,35.0,2.0,307.0,228.0,12.28,134.64912280701756,27.0,13.0,68.0,0.0,1.0,1979.0,2747.0,100.0,27.47,8.32844871147044,19.79,2.0,0.0
SO Hetmyer,65.0,2.0,1243.0,854.0,31.075,145.5503512880562,76.0,82.0,75.0,0.0,4.0,0.0,0.0,0.0,0.0,0.0,0.0,0.0,0.0
SP Fleming,10.0,2.0,196.0,171.0,21.77777777777778,114.61988304093566,27.0,3.0,45.0,0.0,0.0,0.0,0.0,0.0,0.0,0.0,0.0,0.0,0.0
SP Goswami,21.0,2.0,293.0,307.0,14.65,95.43973941368078,32.0,3.0,52.0,0.0,1.0,0.0,0.0,0.0,0.0,0.0,0.0,0.0,0.0
SP Jackson,8.0,2.0,61.0,57.0,10.166666666666666,107.01754385964912,5.0,1.0,16.0,0.0,0.0,0.0,0.0,0.0,0.0,0.0,0.0,0.0,0.0
SP Narine,106.0,2.0,1534.0,984.0,17.044444444444444,155.8943089430894,164.0,97.0,109.0,1.0,7.0,4146.0,4492.0,200.0,22.46,6.500723589001447,20.73,6.0,3.0
SPD Smith,93.0,3.0,2495.0,1999.0,34.65277777777778,124.81240620310155,226.0,60.0,101.0,1.0,11.0,2.0,5.0,0.0,0.0,15.0,0.0,0.0,0.0
SR Tendulkar,78.0,2.0,2334.0,2044.0,33.82608695652174,114.18786692759295,296.0,29.0,100.0,1.0,13.0,37.0,57.0,0.0,0.0,9.243243243243242,0.0,0.0,0.0
SR Watson,141.0,3.0,3880.0,2892.0,30.793650793650794,134.1632088520055,377.0,190.0,117.0,4.0,21.0,2137.0,2571.0,107.0,24.02803738317757,7.218530650444548,19.97196261682243,2.0,0.0
SS Cottrell,1.0,1.0,0.0,2.0,0.0,0.0,0.0,0.0,0.0,0.0,0.0,131.0,161.0,6.0,26.833333333333332,7.374045801526718,21.833333333333332,0.0,0.0
SS Iyer,114.0,3.0,3131.0,2545.0,31.948979591836736,123.02554027504911,272.0,113.0,96.0,0.0,21.0,6.0,7.0,0.0,0.0,7.0,0.0,0.0,0.0
SS Prabhudessai,10.0,2.0,126.0,113.0,12.6,111.50442477876106,11.0,4.0,34.0,0.0,0.0,0.0,0.0,0.0,0.0,0.0,0.0,0.0,0.0
SS Shaikh,1.0,1.0,6.0,7.0,6.0,85.71428571428571,1.0,0.0,6.0,0.0,0.0,0.0,0.0,0.0,0.0,0.0,0.0,0.0,0.0
SS Tiwary,73.0,2.0,1494.0,1291.0,28.73076923076923,115.72424477149497,111.0,50.0,61.0,0.0,8.0,0.0,0.0,0.0,0.0,0.0,0.0,0.0,0.0
ST Jayasuriya,30.0,2.0,768.0,573.0,27.428571428571427,134.03141361256544,84.0,39.0,114.0,1.0,4.0,301.0,375.0,16.0,23.4375,7.475083056478406,18.8125,1.0,0.0
STR Binny,66.0,2.0,880.0,700.0,19.130434782608695,125.71428571428571,66.0,35.0,48.0,0.0,0.0,611.0,741.0,28.0,26.464285714285715,7.276595744680852,21.821428571428573,0.0,0.0
SV Samson,162.0,2.0,4419.0,3270.0,30.6875,135.1376146788991,352.0,206.0,119.0,3.0,25.0,0.0,0.0,0.0,0.0,0.0,0.0,0.0,0.0
SW Billings,27.0,2.0,503.0,399.0,19.346153846153847,126.06516290726817,40.0,20.0,56.0,0.0,3.0,0.0,0.0,0.0,0.0,0.0,0.0,0.0,0.0
SW Tait,5.0,2.0,23.0,26.0,7.666666666666667,88.46153846153845,1.0,1.0,11.0,0.0,0.0,534.0,557.0,26.0,21.423076923076923,6.258426966292135,20.53846153846154,1.0,0.0
SZ Mulani,1.0,1.0,1.0,1.0,0.0,100.0,0.0,0.0,1.0,0.0,0.0,33.0,54.0,0.0,0.0,9.818181818181818,0.0,0.0,0.0
Sachin Baby,11.0,2.0,144.0,123.0,16.0,117.07317073170731,11.0,5.0,33.0,0.0,0.0,10.0,8.0,3.0,2.6666666666666665,4.8,3.3333333333333335,0.0,0.0
Salman Butt,7.0,2.0,193.0,172.0,27.571428571428573,112.20930232558139,30.0,2.0,73.0,0.0,1.0,0.0,0.0,0.0,0.0,0.0,0.0,0.0,0.0
Sameer Rizvi,5.0,2.0,51.0,43.0,12.75,118.6046511627907,4.0,2.0,21.0,0.0,0.0,0.0,0.0,0.0,0.0,0.0,0.0,0.0,0.0
Sandeep Sharma,25.0,2.0,54.0,73.0,9.0,73.97260273972603,4.0,0.0,9.0,0.0,0.0,2925.0,3605.0,153.0,23.562091503267975,7.394871794871795,19.11764705882353,4.0,1.0
Sanvir Singh,5.0,2.0,25.0,22.0,12.5,113.63636363636364,2.0,1.0,8.0,0.0,0.0,0.0,0.0,0.0,0.0,0.0,0.0,0.0,0.0
Saurav Chauhan,3.0,2.0,18.0,16.0,6.0,112.5,1.0,1.0,9.0,0.0,0.0,0.0,0.0,0.0,0.0,0.0,0.0,0.0,0.0
Shahbaz Ahmed,37.0,2.0,536.0,467.0,19.142857142857142,114.77516059957173,28.0,25.0,59.0,0.0,1.0,549.0,825.0,21.0,39.285714285714285,9.01639344262295,26.142857142857142,0.0,0.0
Shahid Afridi,9.0,2.0,81.0,46.0,10.125,176.08695652173913,7.0,6.0,33.0,0.0,0.0,185.0,220.0,9.0,24.444444444444443,7.135135135135135,20.555555555555557,0.0,0.0
Shakib Al Hasan,52.0,3.0,795.0,665.0,19.390243902439025,119.54887218045114,73.0,21.0,66.0,0.0,2.0,1515.0,1802.0,71.0,25.380281690140844,7.136633663366337,21.338028169014084,0.0,0.0
Shashank Singh,19.0,2.0,423.0,272.0,35.25,155.51470588235296,33.0,25.0,68.0,0.0,2.0,19.0,24.0,1.0,24.0,7.578947368421053,19.0,0.0,0.0
Shivam Mavi,11.0,2.0,51.0,58.0,5.666666666666667,87.93103448275862,4.0,2.0,20.0,0.0,0.0,687.0,903.0,33.0,27.363636363636363,7.88646288209607,20.818181818181817,1.0,0.0
Shivam Sharma,2.0,1.0,5.0,3.0,5.0,166.66666666666669,1.0,0.0,4.0,0.0,0.0,114.0,165.0,4.0,41.25,8.68421052631579,28.5,0.0,0.0
Shivam Singh,1.0,1.0,2.0,3.0,0.0,66.66666666666666,0.0,0.0,2.0,0.0,0.0,0.0,0.0,0.0,0.0,0.0,0.0,0.0,0.0
Shoaib Ahmed,3.0,2.0,1.0,6.0,0.5,16.666666666666664,0.0,0.0,1.0,0.0,0.0,103.0,151.0,5.0,30.2,8.796116504854368,20.6,0.0,0.0
Shoaib Akhtar,1.0,1.0,2.0,8.0,2.0,25.0,0.0,0.0,2.0,0.0,0.0,46.0,50.0,5.0,10.0,6.521739130434782,9.2,1.0,0.0
Shoaib Malik,5.0,2.0,52.0,49.0,13.0,106.12244897959184,5.0,0.0,24.0,0.0,0.0,58.0,77.0,2.0,38.5,7.9655172413793105,29.0,0.0,0.0
Shubman Gill,99.0,2.0,3216.0,2432.0,37.83529411764706,132.23684210526315,310.0,95.0,129.0,4.0,20.0,0.0,0.0,0.0,0.0,0.0,0.0,0.0,0.0
Sikandar Raza,9.0,2.0,182.0,143.0,26.0,127.27272727272727,12.0,8.0,57.0,0.0,1.0,88.0,133.0,3.0,44.333333333333336,9.068181818181818,29.333333333333332,0.0,0.0
Simarjeet Singh,3.0,2.0,7.0,8.0,7.0,87.5,0.0,0.0,3.0,0.0,0.0,193.0,242.0,10.0,24.2,7.523316062176167,19.3,0.0,0.0
Sohail Tanvir,5.0,2.0,36.0,31.0,12.0,116.12903225806453,3.0,1.0,13.0,0.0,0.0,265.0,246.0,24.0,10.25,5.5698113207547175,11.041666666666666,1.0,1.0
Sumit Kumar,3.0,2.0,18.0,26.0,9.0,69.23076923076923,2.0,1.0,9.0,0.0,0.0,22.0,36.0,0.0,0.0,9.818181818181818,0.0,0.0,0.0
Sunny Gupta,1.0,1.0,0.0,1.0,0.0,0.0,0.0,0.0,0.0,0.0,0.0,19.0,45.0,0.0,0.0,14.210526315789474,0.0,0.0,0.0
Sunny Singh,5.0,2.0,43.0,31.0,10.75,138.70967741935485,6.0,1.0,20.0,0.0,0.0,0.0,0.0,0.0,0.0,0.0,0.0,0.0,0.0
Swapnil Singh,9.0,2.0,51.0,46.0,10.2,110.86956521739131,3.0,3.0,15.0,0.0,0.0,165.0,238.0,7.0,34.0,8.654545454545454,23.571428571428573,0.0,0.0
T Banton,2.0,2.0,18.0,22.0,9.0,81.81818181818183,1.0,1.0,10.0,0.0,0.0,0.0,0.0,0.0,0.0,0.0,0.0,0.0,0.0
T Henderson,2.0,2.0,11.0,16.0,5.5,68.75,0.0,1.0,11.0,0.0,0.0,36.0,40.0,1.0,40.0,6.666666666666667,36.0,0.0,0.0
T Kohler-Cadmore,3.0,2.0,48.0,54.0,16.0,88.88888888888889,7.0,1.0,20.0,0.0,0.0,0.0,0.0,0.0,0.0,0.0,0.0,0.0,0.0
T Kohli,3.0,1.0,11.0,20.0,3.6666666666666665,55.00000000000001,0.0,1.0,7.0,0.0,0.0,0.0,0.0,0.0,0.0,0.0,0.0,0.0,0.0
T Natarajan,2.0,1.0,3.0,5.0,0.0,60.0,0.0,0.0,3.0,0.0,0.0,1401.0,1900.0,76.0,25.0,8.137044967880085,18.43421052631579,1.0,0.0
T Shamsi,1.0,1.0,2.0,4.0,0.0,50.0,0.0,0.0,2.0,0.0,0.0,120.0,181.0,3.0,60.333333333333336,9.05,40.0,0.0,0.0
T Stubbs,17.0,2.0,405.0,239.0,36.81818181818182,169.4560669456067,26.0,26.0,71.0,0.0,3.0,25.0,28.0,4.0,7.0,6.72,6.25,0.0,0.0
T Taibu,3.0,1.0,31.0,26.0,10.333333333333334,119.23076923076923,3.0,0.0,15.0,0.0,0.0,0.0,0.0,0.0,0.0,0.0,0.0,0.0,0.0
T Thushara,4.0,2.0,12.0,19.0,6.0,63.1578947368421,0.0,0.0,8.0,0.0,0.0,144.0,152.0,10.0,15.2,6.333333333333333,14.4,1.0,0.0
TA Boult,22.0,2.0,83.0,82.0,10.375,101.21951219512195,5.0,3.0,17.0,0.0,0.0,2428.0,3137.0,128.0,24.5078125,7.7520593080724876,18.96875,2.0,0.0
TD Paine,2.0,2.0,10.0,29.0,5.0,34.48275862068966,0.0,0.0,8.0,0.0,0.0,0.0,0.0,0.0,0.0,0.0,0.0,0.0,0.0
TG Southee,19.0,2.0,120.0,108.0,9.23076923076923,111.11111111111111,8.0,4.0,36.0,0.0,0.0,1262.0,1682.0,57.0,29.50877192982456,7.996830427892234,22.140350877192983,0.0,1.0
TH David,35.0,2.0,659.0,417.0,28.652173913043477,158.0335731414868,38.0,46.0,46.0,0.0,0.0,0.0,0.0,0.0,0.0,0.0,0.0,0.0,0.0
TK Curran,10.0,2.0,127.0,108.0,25.4,117.59259259259258,10.0,3.0,54.0,0.0,1.0,252.0,416.0,13.0,32.0,9.904761904761905,19.384615384615383,0.0,0.0
TL Seifert,3.0,2.0,26.0,26.0,8.666666666666666,100.0,4.0,0.0,21.0,0.0,0.0,0.0,0.0,0.0,0.0,0.0,0.0,0.0,0.0
TL Suman,39.0,2.0,676.0,587.0,21.125,115.1618398637138,55.0,26.0,78.0,0.0,2.0,152.0,195.0,7.0,27.857142857142858,7.697368421052632,21.714285714285715,0.0,0.0
TM Dilshan,50.0,2.0,1153.0,1047.0,26.813953488372093,110.12416427889207,140.0,24.0,76.0,0.0,9.0,275.0,361.0,5.0,72.2,7.876363636363636,55.0,0.0,0.0
TM Head,25.0,2.0,772.0,458.0,36.76190476190476,168.5589519650655,76.0,40.0,102.0,1.0,5.0,58.0,113.0,3.0,37.666666666666664,11.689655172413794,19.333333333333332,0.0,0.0
TM Srivastava,3.0,2.0,8.0,11.0,8.0,72.72727272727273,0.0,0.0,7.0,0.0,0.0,0.0,0.0,0.0,0.0,0.0,0.0,0.0,0.0
TR Birt,5.0,2.0,75.0,59.0,15.0,127.11864406779661,9.0,2.0,27.0,0.0,0.0,0.0,0.0,0.0,0.0,0.0,0.0,0.0,0.0
TS Mills,5.0,2.0,8.0,14.0,2.0,57.14285714285714,0.0,1.0,6.0,0.0,0.0,218.0,328.0,11.0,29.818181818181817,9.027522935779816,19.818181818181817,0.0,0.0
TU Deshpande,4.0,2.0,21.0,15.0,21.0,140.0,2.0,1.0,20.0,0.0,0.0,831.0,1184.0,46.0,25.73913043478261,8.548736462093864,18.065217391304348,1.0,0.0
Tanush Kotian,1.0,1.0,24.0,32.0,24.0,75.0,3.0,0.0,24.0,0.0,0.0,0.0,0.0,0.0,0.0,0.0,0.0,0.0,0.0
Tilak Varma,38.0,2.0,1156.0,830.0,39.86206896551724,139.27710843373492,90.0,58.0,84.0,0.0,6.0,23.0,27.0,0.0,0.0,7.0434782608695645,0.0,0.0,0.0
U Kaul,1.0,1.0,0.0,1.0,0.0,0.0,0.0,0.0,0.0,0.0,0.0,0.0,0.0,0.0,0.0,0.0,0.0,0.0,0.0
UA Birla,1.0,1.0,7.0,15.0,7.0,46.666666666666664,1.0,0.0,7.0,0.0,0.0,0.0,0.0,0.0,0.0,0.0,0.0,0.0,0.0
UBT Chand,20.0,2.0,300.0,314.0,15.0,95.54140127388536,32.0,9.0,58.0,0.0,1.0,0.0,0.0,0.0,0.0,0.0,0.0,0.0,0.0
UT Khawaja,6.0,2.0,127.0,105.0,21.166666666666668,120.95238095238095,14.0,3.0,30.0,0.0,0.0,0.0,0.0,0.0,0.0,0.0,0.0,0.0,0.0
UT Yadav,48.0,2.0,208.0,211.0,9.904761904761905,98.5781990521327,16.0,9.0,24.0,0.0,0.0,3190.0,4185.0,163.0,25.67484662576687,7.871473354231975,19.570552147239265,5.0,0.0
Umar Gul,4.0,2.0,39.0,19.0,13.0,205.26315789473685,1.0,5.0,24.0,0.0,0.0,153.0,166.0,14.0,11.857142857142858,6.509803921568627,10.928571428571429,2.0,0.0
Umran Malik,5.0,2.0,23.0,16.0,11.5,143.75,1.0,2.0,19.0,0.0,0.0,519.0,732.0,31.0,23.612903225806452,8.46242774566474,16.741935483870968,0.0,2.0
V Kohli,244.0,3.0,8014.0,6236.0,38.71497584541063,128.51186658114176,708.0,273.0,113.0,8.0,56.0,264.0,354.0,5.0,70.8,8.045454545454545,52.8,0.0,0.0
V Pratap Singh,1.0,1.0,0.0,1.0,0.0,0.0,0.0,0.0,0.0,0.0,0.0,211.0,289.0,12.0,24.083333333333332,8.218009478672986,17.583333333333332,0.0,0.0
V Sehwag,104.0,2.0,2728.0,1833.0,27.555555555555557,148.82705946535734,334.0,106.0,122.0,2.0,16.0,138.0,233.0,6.0,38.833333333333336,10.130434782608695,23.0,0.0,0.0
V Shankar,58.0,2.0,1115.0,890.0,25.34090909090909,125.2808988764045,80.0,45.0,63.0,0.0,6.0,258.0,323.0,12.0,26.916666666666668,7.511627906976744,21.5,0.0,0.0
V Viyaskanth,1.0,1.0,7.0,5.0,0.0,140.0,0.0,0.0,7.0,0.0,0.0,60.0,86.0,1.0,86.0,8.6,60.0,0.0,0.0
VG Arora,7.0,2.0,9.0,17.0,4.5,52.94117647058824,0.0,0.0,2.0,0.0,0.0,418.0,550.0,20.0,27.5,7.894736842105263,20.9,0.0,0.0
VH Zol,2.0,1.0,29.0,26.0,14.5,111.53846153846155,3.0,1.0,16.0,0.0,0.0,0.0,0.0,0.0,0.0,0.0,0.0,0.0,0.0
VR Aaron,12.0,2.0,50.0,73.0,10.0,68.4931506849315,2.0,2.0,17.0,0.0,0.0,1065.0,1401.0,46.0,30.456521739130434,7.892957746478873,23.152173913043477,0.0,0.0
VR Iyer,49.0,2.0,1326.0,1000.0,31.571428571428573,132.6,121.0,61.0,104.0,1.0,11.0,84.0,140.0,3.0,46.666666666666664,10.0,28.0,0.0,0.0
VRV Singh,2.0,2.0,4.0,3.0,2.0,133.33333333333331,1.0,0.0,4.0,0.0,0.0,371.0,531.0,16.0,33.1875,8.587601078167115,23.1875,0.0,0.0
VS Malik,2.0,2.0,7.0,7.0,7.0,100.0,1.0,0.0,6.0,0.0,0.0,212.0,254.0,6.0,42.333333333333336,7.188679245283018,35.333333333333336,0.0,0.0
VS Yeligati,1.0,1.0,2.0,2.0,2.0,100.0,0.0,0.0,2.0,0.0,0.0,32.0,53.0,0.0,0.0,9.9375,0.0,0.0,0.0
VVS Laxman,20.0,2.0,282.0,271.0,14.842105263157896,104.0590405904059,33.0,5.0,52.0,0.0,1.0,0.0,0.0,0.0,0.0,0.0,0.0,0.0,0.0
VY Mahesh,5.0,2.0,15.0,28.0,7.5,53.57142857142857,0.0,0.0,6.0,0.0,0.0,359.0,478.0,22.0,21.727272727272727,7.988857938718662,16.318181818181817,0.0,1.0
Vijaykumar Vyshak,4.0,2.0,14.0,13.0,7.0,107.6923076923077,0.0,1.0,13.0,0.0,0.0,243.0,383.0,17.0,22.529411764705884,9.45679012345679,14.294117647058824,1.0,0.0
Virat Singh,2.0,1.0,15.0,26.0,7.5,57.692307692307686,1.0,0.0,11.0,0.0,0.0,0.0,0.0,0.0,0.0,0.0,0.0,0.0,0.0
Vishnu Vinod,6.0,2.0,56.0,58.0,9.333333333333334,96.55172413793103,3.0,3.0,30.0,0.0,0.0,0.0,0.0,0.0,0.0,0.0,0.0,0.0,0.0
Vivrant Sharma,1.0,1.0,69.0,49.0,69.0,140.81632653061226,9.0,2.0,69.0,0.0,1.0,21.0,34.0,0.0,0.0,9.714285714285714,0.0,0.0,0.0
W Jaffer,8.0,2.0,130.0,129.0,16.25,100.7751937984496,14.0,3.0,50.0,0.0,1.0,0.0,0.0,0.0,0.0,0.0,0.0,0.0,0.0
WA Mota,8.0,2.0,56.0,76.0,9.333333333333334,73.68421052631578,2.0,0.0,25.0,0.0,0.0,75.0,94.0,4.0,23.5,7.52,18.75,0.0,0.0
WD Parnell,13.0,2.0,65.0,86.0,6.5,75.5813953488372,4.0,1.0,16.0,0.0,0.0,758.0,881.0,40.0,22.025,6.9736147757255935,18.95,1.0,0.0
WG Jacks,8.0,2.0,230.0,133.0,32.857142857142854,172.93233082706766,16.0,18.0,100.0,1.0,1.0,55.0,98.0,2.0,49.0,10.690909090909091,27.5,0.0,0.0
WP Saha,143.0,2.0,2934.0,2368.0,24.24793388429752,123.90202702702702,296.0,87.0,115.0,1.0,13.0,0.0,0.0,0.0,0.0,0.0,0.0,0.0,0.0
WPUJC Vaas,11.0,2.0,81.0,73.0,10.125,110.95890410958904,2.0,3.0,20.0,0.0,0.0,288.0,345.0,22.0,15.681818181818182,7.1875,13.090909090909092,0.0,0.0
Washington Sundar,38.0,2.0,378.0,341.0,13.5,110.85043988269794,32.0,9.0,40.0,0.0,0.0,1064.0,1309.0,39.0,33.56410256410256,7.38157894736842,27.28205128205128,0.0,0.0
X Thalaivan Sargunam,1.0,1.0,10.0,17.0,10.0,58.82352941176471,0.0,0.0,10.0,0.0,0.0,0.0,0.0,0.0,0.0,0.0,0.0,0.0,0.0
Y Gnaneswara Rao,1.0,1.0,19.0,18.0,19.0,105.55555555555556,3.0,0.0,19.0,0.0,0.0,6.0,7.0,0.0,0.0,7.0,0.0,0.0,0.0
Y Nagar,20.0,2.0,285.0,271.0,20.357142857142858,105.1660516605166,20.0,9.0,44.0,0.0,0.0,72.0,117.0,4.0,29.25,9.75,18.0,0.0,0.0
Y Prithvi Raj,1.0,1.0,0.0,1.0,0.0,0.0,0.0,0.0,0.0,0.0,0.0,33.0,54.0,1.0,54.0,9.818181818181818,33.0,0.0,0.0
Y Venugopal Rao,52.0,2.0,985.0,865.0,22.386363636363637,113.87283236994219,77.0,37.0,71.0,0.0,3.0,222.0,329.0,7.0,47.0,8.891891891891891,31.714285714285715,0.0,0.0
YA Abdulla,1.0,1.0,0.0,1.0,0.0,0.0,0.0,0.0,0.0,0.0,0.0,222.0,294.0,15.0,19.6,7.945945945945946,14.8,2.0,0.0
YBK Jaiswal,52.0,2.0,1607.0,1095.0,32.14,146.7579908675799,199.0,64.0,124.0,2.0,9.0,1.0,6.0,0.0,0.0,36.0,0.0,0.0,0.0
YK Pathan,153.0,3.0,3222.0,2334.0,29.29090909090909,138.04627249357327,263.0,161.0,100.0,1.0,14.0,1184.0,1372.0,46.0,29.82608695652174,6.952702702702703,25.73913043478261,0.0,0.0
YS Chahal,17.0,2.0,37.0,89.0,5.285714285714286,41.57303370786517,0.0,0.0,8.0,0.0,0.0,3628.0,4478.0,213.0,21.023474178403756,7.405733186328556,17.03286384976526,6.0,1.0
YV Dhull,3.0,2.0,16.0,23.0,5.333333333333333,69.56521739130434,1.0,0.0,13.0,0.0,0.0,0.0,0.0,0.0,0.0,0.0,0.0,0.0,0.0
YV Takawale,10.0,2.0,192.0,183.0,24.0,104.91803278688525,26.0,3.0,45.0,0.0,0.0,0.0,0.0,0.0,0.0,0.0,0.0,0.0,0.0
Yash Dayal,1.0,1.0,0.0,1.0,0.0,0.0,0.0,0.0,0.0,0.0,0.0,615.0,878.0,31.0,28.322580645161292,8.565853658536586,19.838709677419356,1.0,0.0
Yashpal Singh,4.0,2.0,47.0,67.0,11.75,70.1492537313433,5.0,0.0,20.0,0.0,0.0,0.0,0.0,0.0,0.0,0.0,0.0,0.0,0.0
Younis Khan,1.0,1.0,3.0,7.0,3.0,42.857142857142854,0.0,0.0,3.0,0.0,0.0,0.0,0.0,0.0,0.0,0.0,0.0,0.0,0.0
Yudhvir Singh,4.0,2.0,22.0,16.0,5.5,137.5,1.0,2.0,14.0,0.0,0.0,74.0,116.0,4.0,29.0,9.405405405405405,18.5,0.0,0.0
Yuvraj Singh,126.0,3.0,2754.0,2207.0,24.81081081081081,124.78477571363842,218.0,149.0,83.0,0.0,13.0,882.0,1064.0,39.0,27.28205128205128,7.238095238095238,22.615384615384617,2.0,0.0
Z Khan,27.0,2.0,117.0,141.0,8.357142857142858,82.97872340425532,11.0,2.0,23.0,0.0,0.0,2276.0,2691.0,119.0,22.613445378151262,7.09402460456942,19.126050420168067,3.0,0.0
0,0.0,0.0,0.0,0.0,0.0,0.0,0.0,0.0,0.0,0.0,0.0,18.0,31.0,1.0,31.0,10.333333333333334,18.0,0.0,0.0
0,0.0,0.0,0.0,0.0,0.0,0.0,0.0,0.0,0.0,0.0,0.0,13.0,20.0,1.0,20.0,9.230769230769232,13.0,0.0,0.0
0,0.0,0.0,0.0,0.0,0.0,0.0,0.0,0.0,0.0,0.0,0.0,156.0,190.0,7.0,27.142857142857142,7.3076923076923075,22.285714285714285,0.0,0.0
0,0.0,0.0,0.0,0.0,0.0,0.0,0.0,0.0,0.0,0.0,0.0,141.0,224.0,5.0,44.8,9.53191489361702,28.2,0.0,0.0
0,0.0,0.0,0.0,0.0,0.0,0.0,0.0,0.0,0.0,0.0,0.0,162.0,188.0,10.0,18.8,6.962962962962963,16.2,1.0,0.0
0,0.0,0.0,0.0,0.0,0.0,0.0,0.0,0.0,0.0,0.0,0.0,49.0,90.0,2.0,45.0,11.020408163265307,24.5,0.0,0.0
0,0.0,0.0,0.0,0.0,0.0,0.0,0.0,0.0,0.0,0.0,0.0,390.0,461.0,23.0,20.043478260869566,7.092307692307692,16.956521739130434,0.0,0.0
0,0.0,0.0,0.0,0.0,0.0,0.0,0.0,0.0,0.0,0.0,0.0,6.0,13.0,0.0,0.0,13.0,0.0,0.0,0.0
0,0.0,0.0,0.0,0.0,0.0,0.0,0.0,0.0,0.0,0.0,0.0,19.0,33.0,0.0,0.0,10.421052631578949,0.0,0.0,0.0
0,0.0,0.0,0.0,0.0,0.0,0.0,0.0,0.0,0.0,0.0,0.0,17.0,24.0,0.0,0.0,8.470588235294118,0.0,0.0,0.0
0,0.0,0.0,0.0,0.0,0.0,0.0,0.0,0.0,0.0,0.0,0.0,28.0,49.0,1.0,49.0,10.5,28.0,0.0,0.0
0,0.0,0.0,0.0,0.0,0.0,0.0,0.0,0.0,0.0,0.0,0.0,48.0,82.0,1.0,82.0,10.25,48.0,0.0,0.0
0,0.0,0.0,0.0,0.0,0.0,0.0,0.0,0.0,0.0,0.0,0.0,84.0,141.0,3.0,47.0,10.071428571428571,28.0,0.0,0.0
0,0.0,0.0,0.0,0.0,0.0,0.0,0.0,0.0,0.0,0.0,0.0,21.0,39.0,0.0,0.0,11.142857142857142,0.0,0.0,0.0
0,0.0,0.0,0.0,0.0,0.0,0.0,0.0,0.0,0.0,0.0,0.0,30.0,57.0,0.0,0.0,11.4,0.0,0.0,0.0
0,0.0,0.0,0.0,0.0,0.0,0.0,0.0,0.0,0.0,0.0,0.0,26.0,37.0,1.0,37.0,8.538461538461538,26.0,0.0,0.0
0,0.0,0.0,0.0,0.0,0.0,0.0,0.0,0.0,0.0,0.0,0.0,236.0,331.0,13.0,25.46153846153846,8.415254237288135,18.153846153846153,1.0,0.0
0,0.0,0.0,0.0,0.0,0.0,0.0,0.0,0.0,0.0,0.0,0.0,61.0,63.0,3.0,21.0,6.19672131147541,20.333333333333332,0.0,0.0
0,0.0,0.0,0.0,0.0,0.0,0.0,0.0,0.0,0.0,0.0,0.0,18.0,27.0,0.0,0.0,9.0,0.0,0.0,0.0
0,0.0,0.0,0.0,0.0,0.0,0.0,0.0,0.0,0.0,0.0,0.0,129.0,209.0,5.0,41.8,9.720930232558139,25.8,0.0,0.0
0,0.0,0.0,0.0,0.0,0.0,0.0,0.0,0.0,0.0,0.0,0.0,51.0,87.0,3.0,29.0,10.235294117647058,17.0,0.0,0.0
0,0.0,0.0,0.0,0.0,0.0,0.0,0.0,0.0,0.0,0.0,0.0,39.0,86.0,1.0,86.0,13.23076923076923,39.0,0.0,0.0
0,0.0,0.0,0.0,0.0,0.0,0.0,0.0,0.0,0.0,0.0,0.0,342.0,430.0,28.0,15.357142857142858,7.543859649122807,12.214285714285714,1.0,0.0
0,0.0,0.0,0.0,0.0,0.0,0.0,0.0,0.0,0.0,0.0,0.0,19.0,31.0,1.0,31.0,9.789473684210527,19.0,0.0,0.0
0,0.0,0.0,0.0,0.0,0.0,0.0,0.0,0.0,0.0,0.0,0.0,503.0,524.0,38.0,13.789473684210526,6.250497017892645,13.236842105263158,1.0,0.0
0,0.0,0.0,0.0,0.0,0.0,0.0,0.0,0.0,0.0,0.0,0.0,58.0,66.0,1.0,66.0,6.8275862068965525,58.0,0.0,0.0
0,0.0,0.0,0.0,0.0,0.0,0.0,0.0,0.0,0.0,0.0,0.0,19.0,32.0,0.0,0.0,10.105263157894738,0.0,0.0,0.0
0,0.0,0.0,0.0,0.0,0.0,0.0,0.0,0.0,0.0,0.0,0.0,25.0,61.0,0.0,0.0,14.639999999999999,0.0,0.0,0.0
0,0.0,0.0,0.0,0.0,0.0,0.0,0.0,0.0,0.0,0.0,0.0,105.0,178.0,3.0,59.333333333333336,10.17142857142857,35.0,0.0,0.0
0,0.0,0.0,0.0,0.0,0.0,0.0,0.0,0.0,0.0,0.0,0.0,76.0,82.0,8.0,10.25,6.473684210526316,9.5,1.0,0.0
0,0.0,0.0,0.0,0.0,0.0,0.0,0.0,0.0,0.0,0.0,0.0,16.0,16.0,0.0,0.0,6.0,0.0,0.0,0.0
0,0.0,0.0,0.0,0.0,0.0,0.0,0.0,0.0,0.0,0.0,0.0,105.0,138.0,7.0,19.714285714285715,7.885714285714286,15.0,0.0,0.0
0,0.0,0.0,0.0,0.0,0.0,0.0,0.0,0.0,0.0,0.0,0.0,172.0,239.0,8.0,29.875,8.337209302325581,21.5,0.0,0.0
0,0.0,0.0,0.0,0.0,0.0,0.0,0.0,0.0,0.0,0.0,0.0,15.0,31.0,0.0,0.0,12.4,0.0,0.0,0.0
0,0.0,0.0,0.0,0.0,0.0,0.0,0.0,0.0,0.0,0.0,0.0,25.0,14.0,1.0,14.0,3.36,25.0,0.0,0.0
0,0.0,0.0,0.0,0.0,0.0,0.0,0.0,0.0,0.0,0.0,0.0,63.0,76.0,5.0,15.2,7.238095238095238,12.6,0.0,0.0
0,0.0,0.0,0.0,0.0,0.0,0.0,0.0,0.0,0.0,0.0,0.0,132.0,236.0,7.0,33.714285714285715,10.727272727272727,18.857142857142858,0.0,0.0
0,0.0,0.0,0.0,0.0,0.0,0.0,0.0,0.0,0.0,0.0,0.0,6.0,18.0,0.0,0.0,18.0,0.0,0.0,0.0
0,0.0,0.0,0.0,0.0,0.0,0.0,0.0,0.0,0.0,0.0,0.0,107.0,140.0,2.0,70.0,7.850467289719627,53.5,0.0,0.0
0,0.0,0.0,0.0,0.0,0.0,0.0,0.0,0.0,0.0,0.0,0.0,36.0,38.0,2.0,19.0,6.333333333333333,18.0,0.0,0.0
0,0.0,0.0,0.0,0.0,0.0,0.0,0.0,0.0,0.0,0.0,0.0,24.0,33.0,0.0,0.0,8.25,0.0,0.0,0.0
0,0.0,0.0,0.0,0.0,0.0,0.0,0.0,0.0,0.0,0.0,0.0,6.0,11.0,0.0,0.0,11.0,0.0,0.0,0.0
0,0.0,0.0,0.0,0.0,0.0,0.0,0.0,0.0,0.0,0.0,0.0,12.0,24.0,0.0,0.0,12.0,0.0,0.0,0.0
0,0.0,0.0,0.0,0.0,0.0,0.0,0.0,0.0,0.0,0.0,0.0,43.0,53.0,3.0,17.666666666666668,7.395348837209302,14.333333333333334,0.0,0.0
0,0.0,0.0,0.0,0.0,0.0,0.0,0.0,0.0,0.0,0.0,0.0,18.0,33.0,0.0,0.0,11.0,0.0,0.0,0.0
0,0.0,0.0,0.0,0.0,0.0,0.0,0.0,0.0,0.0,0.0,0.0,30.0,37.0,0.0,0.0,7.4,0.0,0.0,0.0
0,0.0,0.0,0.0,0.0,0.0,0.0,0.0,0.0,0.0,0.0,0.0,13.0,26.0,0.0,0.0,12.0,0.0,0.0,0.0
0,0.0,0.0,0.0,0.0,0.0,0.0,0.0,0.0,0.0,0.0,0.0,176.0,245.0,8.0,30.625,8.352272727272728,22.0,0.0,0.0
0,0.0,0.0,0.0,0.0,0.0,0.0,0.0,0.0,0.0,0.0,0.0,50.0,69.0,2.0,34.5,8.28,25.0,0.0,0.0
0,0.0,0.0,0.0,0.0,0.0,0.0,0.0,0.0,0.0,0.0,0.0,43.0,53.0,3.0,17.666666666666668,7.395348837209302,14.333333333333334,0.0,0.0
0,0.0,0.0,0.0,0.0,0.0,0.0,0.0,0.0,0.0,0.0,0.0,24.0,42.0,1.0,42.0,10.5,24.0,0.0,0.0
0,0.0,0.0,0.0,0.0,0.0,0.0,0.0,0.0,0.0,0.0,0.0,7.0,5.0,1.0,5.0,4.285714285714286,7.0,0.0,0.0
0,0.0,0.0,0.0,0.0,0.0,0.0,0.0,0.0,0.0,0.0,0.0,25.0,34.0,1.0,34.0,8.16,25.0,0.0,0.0
0,0.0,0.0,0.0,0.0,0.0,0.0,0.0,0.0,0.0,0.0,0.0,37.0,50.0,1.0,50.0,8.108108108108107,37.0,0.0,0.0
0,0.0,0.0,0.0,0.0,0.0,0.0,0.0,0.0,0.0,0.0,0.0,264.0,366.0,11.0,33.27272727272727,8.318181818181818,24.0,0.0,0.0
0,0.0,0.0,0.0,0.0,0.0,0.0,0.0,0.0,0.0,0.0,0.0,74.0,132.0,1.0,132.0,10.702702702702702,74.0,0.0,0.0
0,0.0,0.0,0.0,0.0,0.0,0.0,0.0,0.0,0.0,0.0,0.0,21.0,33.0,0.0,0.0,9.428571428571429,0.0,0.0,0.0
0,0.0,0.0,0.0,0.0,0.0,0.0,0.0,0.0,0.0,0.0,0.0,24.0,36.0,2.0,18.0,9.0,12.0,0.0,0.0
0,0.0,0.0,0.0,0.0,0.0,0.0,0.0,0.0,0.0,0.0,0.0,432.0,663.0,27.0,24.555555555555557,9.208333333333334,16.0,1.0,1.0
